ruleNo,ruleID,ruleSeq,ruleName,Group,Type,Product Group,Product Sub Group,DisplayName
1,ruleNo1_1_ฝ้าทีบาร์,1,ฝ้าทีบาร์,แผ่นฝ้า,main,YG000-06,,ยิปซั่ม 60 x 60
1,ruleNo1_1_ฝ้าทีบาร์,2,ฝ้าทีบาร์,โครงคร่าว,main,CG03,,โครงทีซอย
1,ruleNo1_1_ฝ้าทีบาร์,3,ฝ้าทีบาร์,โครงคร่าว,main,CG04,,โครงทีเมน
1,ruleNo1_1_ฝ้าทีบาร์,4,ฝ้าทีบาร์,ฉนวน,sub,YG000-13,YS000-51,ฉนวนกันร้อน
1,ruleNo1_1_ฝ้าทีบาร์,5,ฝ้าทีบาร์,ฉนวน,sub,YG000-13,YS000-52,ฉนวนกันเสียง
1,ruleNo1_1_ฝ้าทีบาร์,6,ฝ้าทีบาร์,อุปกรณ์,sub,CG18,,ผ้าฉาบ
1,ruleNo1_1_ฝ้าทีบาร์,7,ฝ้าทีบาร์,อุปกรณ์,sub,CG30,,ปูนฉาบ
1,ruleNo1_1_ฝ้าทีบาร์,8,ฝ้าทีบาร์,อุปกรณ์,sub,CG43,,สีทาฝ้า
1,ruleNo1_1_ฝ้าทีบาร์,9,ฝ้าทีบาร์,อุปกรณ์,sub,CG43,,สีย้อมไม้
1,ruleNo1_1_ฝ้าทีบาร์,10,ฝ้าทีบาร์,อุปกรณ์,sub,CG20,,สกูร
1,ruleNo1_1_ฝ้าทีบาร์,11,ฝ้าทีบาร์,อุปกรณ์,sub,CG18,,ผ้าเทปแปะฉนวน
1,ruleNo1_1_ฝ้าทีบาร์,12,ฝ้าทีบาร์,เครื่องมือ,sub,CG19,,เกียงฉาบ
1,ruleNo1_1_ฝ้าทีบาร์,13,ฝ้าทีบาร์,เครื่องมือ,sub,CG26,,ลูกกลิ้งทาสี
1,ruleNo1_1_ฝ้าทีบาร์,14,ฝ้าทีบาร์,เครื่องมือ,sub,CG27,,อะไหล่ลูกกลิ้งทาสี
1,ruleNo1_1_ฝ้าทีบาร์,15,ฝ้าทีบาร์,เครื่องมือ,sub,CG25,,แปรงทาสี
1,ruleNo1_1_ฝ้าทีบาร์,16,ฝ้าทีบาร์,เครื่องมือ,sub,AS,S15,ปืนยิงกาวซิลิโคน
1,ruleNo1_1_ฝ้าทีบาร์,17,ฝ้าทีบาร์,เครื่องมือ,sub,AS,S16,ปืนยิงกาวซิลิโคน
1,ruleNo1_1_ฝ้าทีบาร์,18,ฝ้าทีบาร์,เครื่องมือ,sub,AS,S17,ปืนยิงกาวซิลิโคน
1,ruleNo1_1_ฝ้าทีบาร์,19,ฝ้าทีบาร์,เครื่องมือ,sub,AS,S18,ปืนยิงกาวซิลิโคน
1,ruleNo1_1_ฝ้าทีบาร์,20,ฝ้าทีบาร์,เครื่องมือ,sub,EG14,ESG13,อุปกรณ์เครื่องมือช่าง
1,ruleNo1_1_ฝ้าทีบาร์,21,ฝ้าทีบาร์,เครื่องมือ,sub,EG15,ESG13,อุปกรณ์เครื่องมือช่าง
1,ruleNo1_2_โครงคร่าวทีบาร์,1,โครงคร่าวทีบาร์,โครงคร่าว,main,CG03,,โครงทีซอย
1,ruleNo1_2_โครงคร่าวทีบาร์,2,โครงคร่าวทีบาร์,แผ่นฝ้า,main,YG000-06,,ยิปซั่ม 60 x 60
1,ruleNo1_2_โครงคร่าวทีบาร์,3,โครงคร่าวทีบาร์,แผ่นฝ้า,main,YG000-05,,ยิปซั่ม 60 x 60
1,ruleNo1_2_โครงคร่าวทีบาร์,4,โครงคร่าวทีบาร์,ฉนวน,sub,YG000-13,YS000-51,ฉนวนกันร้อน
1,ruleNo1_2_โครงคร่าวทีบาร์,5,โครงคร่าวทีบาร์,ฉนวน,sub,YG000-13,YS000-52,ฉนวนกันเสียง
1,ruleNo1_2_โครงคร่าวทีบาร์,6,โครงคร่าวทีบาร์,อุปกรณ์,sub,CG35,,ลวดแขวนท่อนบน
1,ruleNo1_2_โครงคร่าวทีบาร์,7,โครงคร่าวทีบาร์,อุปกรณ์,sub,CG34,,สปริงล็อก
1,ruleNo1_2_โครงคร่าวทีบาร์,8,โครงคร่าวทีบาร์,อุปกรณ์,sub,CG36,,ฉากยึดท้องพื้น
1,ruleNo1_2_โครงคร่าวทีบาร์,9,โครงคร่าวทีบาร์,อุปกรณ์,sub,CG20,CS034,พุกเหล็ก
1,ruleNo1_2_โครงคร่าวทีบาร์,10,โครงคร่าวทีบาร์,เครื่องมือ,sub,EG14,ESG13,อุปกรณ์เครื่องมือช่าง
1,ruleNo1_2_โครงคร่าวทีบาร์,11,โครงคร่าวทีบาร์,เครื่องมือ,sub,EG15,ESG13,อุปกรณ์เครื่องมือช่าง
1,ruleNo1_3_โครงคร่าวทีบาร์,1,โครงคร่าวทีบาร์,โครงคร่าว,main,CG04,,โครงทีเมน
1,ruleNo1_3_โครงคร่าวทีบาร์,2,โครงคร่าวทีบาร์,แผ่นฝ้า,main,YG000-06,,ยิปซั่ม 60 x 60
1,ruleNo1_3_โครงคร่าวทีบาร์,3,โครงคร่าวทีบาร์,แผ่นฝ้า,main,YG000-05,,ยิปซั่ม 60 x 60
1,ruleNo1_3_โครงคร่าวทีบาร์,4,โครงคร่าวทีบาร์,ฉนวน,sub,YG000-13,YS000-51,ฉนวนกันร้อน
1,ruleNo1_3_โครงคร่าวทีบาร์,5,โครงคร่าวทีบาร์,ฉนวน,sub,YG000-13,YS000-52,ฉนวนกันเสียง
1,ruleNo1_3_โครงคร่าวทีบาร์,6,โครงคร่าวทีบาร์,อุปกรณ์,sub,CG35,,ลวดแขวนท่อนบน
1,ruleNo1_3_โครงคร่าวทีบาร์,7,โครงคร่าวทีบาร์,อุปกรณ์,sub,CG34,,สปริงล็อก
1,ruleNo1_3_โครงคร่าวทีบาร์,8,โครงคร่าวทีบาร์,อุปกรณ์,sub,CG36,,ฉากยึดท้องพื้น
1,ruleNo1_3_โครงคร่าวทีบาร์,9,โครงคร่าวทีบาร์,อุปกรณ์,sub,CG20,CS034,พุกเหล็ก
1,ruleNo1_3_โครงคร่าวทีบาร์,10,โครงคร่าวทีบาร์,เครื่องมือ,sub,EG14,ESG13,อุปกรณ์เครื่องมือช่าง
1,ruleNo1_3_โครงคร่าวทีบาร์,11,โครงคร่าวทีบาร์,เครื่องมือ,sub,EG15,ESG13,อุปกรณ์เครื่องมือช่าง
5,ruleNo5_1_กระจกเงา,1,กระจกเงา,กระจก,main,MIRROR,,กระจกเงา
5,ruleNo5_1_กระจกเงา,2,กระจกเงา,กาวยาแนว,sub,ADH,S14,กาวตะปู
5,ruleNo5_1_กระจกเงา,3,กระจกเงา,กาวยาแนว,sub,ADH,S98,กาวตะปู
5,ruleNo5_1_กระจกเงา,4,กระจกเงา,เครื่องมือ,sub,AS,S15,ปืนยิงกาวซิลิโคน
5,ruleNo5_1_กระจกเงา,5,กระจกเงา,เครื่องมือ,sub,AS,S16,ปืนยิงกาวซิลิโคน
5,ruleNo5_1_กระจกเงา,6,กระจกเงา,เครื่องมือ,sub,AS,S17,ปืนยิงกาวซิลิโคน
5,ruleNo5_1_กระจกเงา,7,กระจกเงา,เครื่องมือ,sub,AS,S18,ปืนยิงกาวซิลิโคน
5,ruleNo5_2_กระจกลามิเนต,1,กระจกลามิเนต,กระจก,main,PROCESS,GP002,กระจกลามิเนต
5,ruleNo5_2_กระจกลามิเนต,2,กระจกลามิเนต,กาวยาแนว,sub,SIL,S08,กาวยาแนวซิลิโคน โครงการ (791/ 793/ 795)
5,ruleNo5_2_กระจกลามิเนต,3,กระจกลามิเนต,กาวยาแนว,sub,SIL,S09,กาวยาแนวซิลิโคน โครงการ (791/ 793/ 795)
5,ruleNo5_2_กระจกลามิเนต,4,กระจกลามิเนต,กาวยาแนว,sub,SIL,S10,กาวยาแนวซิลิโคน โครงการ (791/ 793/ 795)
5,ruleNo5_2_กระจกลามิเนต,5,กระจกลามิเนต,กาวยาแนว,sub,PU,,กาวยาแนวโพลียูรีเทน
5,ruleNo5_2_กระจกลามิเนต,6,กระจกลามิเนต,อุปกรณ์,sub,AS,S15,ปืนยิงกาวซิลิโคน
5,ruleNo5_2_กระจกลามิเนต,7,กระจกลามิเนต,อุปกรณ์,sub,AS,S16,ปืนยิงกาวซิลิโคน
5,ruleNo5_2_กระจกลามิเนต,8,กระจกลามิเนต,อุปกรณ์,sub,AS,S17,ปืนยิงกาวซิลิโคน
5,ruleNo5_2_กระจกลามิเนต,9,กระจกลามิเนต,อุปกรณ์,sub,AS,S18,ปืนยิงกาวซิลิโคน
5,ruleNo5_2_กระจกลามิเนต,10,กระจกลามิเนต,อุปกรณ์,sub,,,ตลับเมตร/ บักเต้า/ ค้อนยาง
5,ruleNo5_2_กระจกลามิเนต,11,กระจกลามิเนต,อุปกรณ์,sub,,,สว่าน/ ดอกสว่าน/ ไขควง/ พุก/ สกรู
5,ruleNo5_2_กระจกลามิเนต,12,กระจกลามิเนต,อุปกรณ์,sub,EG08,,บานพับ
5,ruleNo5_2_กระจกลามิเนต,13,กระจกลามิเนต,อุปกรณ์,sub,EG04,,มือจับ
5,ruleNo5_2_กระจกลามิเนต,14,กระจกลามิเนต,อุปกรณ์,sub,EG13,ESG12,ยางกันน้ำ
5,ruleNo5_2_กระจกลามิเนต,15,กระจกลามิเนต,อุปกรณ์,sub,EG03,,ลูกล้อประตู/หน้าต่าง
5,ruleNo5_2_กระจกลามิเนต,16,กระจกลามิเนต,อุปกรณ์,sub,,,เฟรมอลูมิเนียม/ รางเลื่อน
5,ruleNo5_2_กระจกลามิเนต,17,กระจกลามิเนต,อุปกรณ์,sub,,,แผ่นปิดรอยต่อ
5,ruleNo5_2_กระจกลามิเนต,18,กระจกลามิเนต,อุปกรณ์,sub,,,อุปกรณ์เจียรกระจก
5,ruleNo5_3_กระจกลามิเนต,1,กระจกลามิเนต,กระจก,main,PROCESS,GP024,กระจกลามิเนต
5,ruleNo5_3_กระจกลามิเนต,2,กระจกลามิเนต,กาวยาแนว,sub,SIL,S08,กาวยาแนวซิลิโคน โครงการ (791/ 793/ 795)
5,ruleNo5_3_กระจกลามิเนต,3,กระจกลามิเนต,กาวยาแนว,sub,SIL,S09,กาวยาแนวซิลิโคน โครงการ (791/ 793/ 795)
5,ruleNo5_3_กระจกลามิเนต,4,กระจกลามิเนต,กาวยาแนว,sub,SIL,S10,กาวยาแนวซิลิโคน โครงการ (791/ 793/ 795)
5,ruleNo5_3_กระจกลามิเนต,5,กระจกลามิเนต,กาวยาแนว,sub,PU,,กาวยาแนวโพลียูรีเทน
5,ruleNo5_3_กระจกลามิเนต,6,กระจกลามิเนต,อุปกรณ์,sub,AS,S15,ปืนยิงกาวซิลิโคน
5,ruleNo5_3_กระจกลามิเนต,7,กระจกลามิเนต,อุปกรณ์,sub,AS,S16,ปืนยิงกาวซิลิโคน
5,ruleNo5_3_กระจกลามิเนต,8,กระจกลามิเนต,อุปกรณ์,sub,AS,S17,ปืนยิงกาวซิลิโคน
5,ruleNo5_3_กระจกลามิเนต,9,กระจกลามิเนต,อุปกรณ์,sub,AS,S18,ปืนยิงกาวซิลิโคน
5,ruleNo5_3_กระจกลามิเนต,10,กระจกลามิเนต,อุปกรณ์,sub,,,ตลับเมตร/ บักเต้า/ ค้อนยาง
5,ruleNo5_3_กระจกลามิเนต,11,กระจกลามิเนต,อุปกรณ์,sub,,,สว่าน/ ดอกสว่าน/ ไขควง/ พุก/ สกรู
5,ruleNo5_3_กระจกลามิเนต,12,กระจกลามิเนต,อุปกรณ์,sub,EG08,,บานพับ
5,ruleNo5_3_กระจกลามิเนต,13,กระจกลามิเนต,อุปกรณ์,sub,EG04,,มือจับ
5,ruleNo5_3_กระจกลามิเนต,14,กระจกลามิเนต,อุปกรณ์,sub,EG13,ESG12,ยางกันน้ำ
5,ruleNo5_3_กระจกลามิเนต,15,กระจกลามิเนต,อุปกรณ์,sub,EG03,,ลูกล้อประตู/หน้าต่าง
5,ruleNo5_3_กระจกลามิเนต,16,กระจกลามิเนต,อุปกรณ์,sub,,,เฟรมอลูมิเนียม/ รางเลื่อน
5,ruleNo5_3_กระจกลามิเนต,17,กระจกลามิเนต,อุปกรณ์,sub,,,แผ่นปิดรอยต่อ
5,ruleNo5_3_กระจกลามิเนต,18,กระจกลามิเนต,อุปกรณ์,sub,,,อุปกรณ์เจียรกระจก
5,ruleNo5_4_กระจกเทมเปอร์,1,กระจกเทมเปอร์ (T/P),กระจก,main,PROCESS,GP001,กระจกเทมเปอร์
5,ruleNo5_4_กระจกเทมเปอร์,2,กระจกเทมเปอร์ (T/P),กาวยาแนว,sub,SIL,S08,กาวยาแนวซิลิโคน โครงการ (791/ 793/ 795)
5,ruleNo5_4_กระจกเทมเปอร์,3,กระจกเทมเปอร์ (T/P),กาวยาแนว,sub,SIL,S09,กาวยาแนวซิลิโคน โครงการ (791/ 793/ 795)
5,ruleNo5_4_กระจกเทมเปอร์,4,กระจกเทมเปอร์ (T/P),กาวยาแนว,sub,SIL,S10,กาวยาแนวซิลิโคน โครงการ (791/ 793/ 795)
5,ruleNo5_4_กระจกเทมเปอร์,5,กระจกเทมเปอร์ (T/P),กาวยาแนว,sub,PU,,กาวยาแนวโพลียูรีเทน
5,ruleNo5_4_กระจกเทมเปอร์,6,กระจกเทมเปอร์ (T/P),อุปกรณ์,sub,AS,S15,ปืนยิงกาวซิลิโคน
5,ruleNo5_4_กระจกเทมเปอร์,7,กระจกเทมเปอร์ (T/P),อุปกรณ์,sub,AS,S16,ปืนยิงกาวซิลิโคน
5,ruleNo5_4_กระจกเทมเปอร์,8,กระจกเทมเปอร์ (T/P),อุปกรณ์,sub,AS,S17,ปืนยิงกาวซิลิโคน
5,ruleNo5_4_กระจกเทมเปอร์,9,กระจกเทมเปอร์ (T/P),อุปกรณ์,sub,AS,S18,ปืนยิงกาวซิลิโคน
5,ruleNo5_4_กระจกเทมเปอร์,10,กระจกเทมเปอร์ (T/P),อุปกรณ์,sub,,,ตลับเมตร/ บักเต้า/ ค้อนยาง
5,ruleNo5_4_กระจกเทมเปอร์,11,กระจกเทมเปอร์ (T/P),อุปกรณ์,sub,,,สว่าน/ ดอกสว่าน/ ไขควง/ พุก/ สกรู
5,ruleNo5_4_กระจกเทมเปอร์,12,กระจกเทมเปอร์ (T/P),อุปกรณ์,sub,EG08,,บานพับ
5,ruleNo5_4_กระจกเทมเปอร์,13,กระจกเทมเปอร์ (T/P),อุปกรณ์,sub,EG04,,มือจับ
5,ruleNo5_4_กระจกเทมเปอร์,14,กระจกเทมเปอร์ (T/P),อุปกรณ์,sub,EG13,ESG12,ยางกันน้ำ
5,ruleNo5_4_กระจกเทมเปอร์,15,กระจกเทมเปอร์ (T/P),อุปกรณ์,sub,EG03,,ลูกล้อประตู/หน้าต่าง
5,ruleNo5_4_กระจกเทมเปอร์,16,กระจกเทมเปอร์ (T/P),อุปกรณ์,sub,,,เฟรมอลูมิเนียม/ รางเลื่อน
5,ruleNo5_4_กระจกเทมเปอร์,17,กระจกเทมเปอร์ (T/P),อุปกรณ์,sub,,,แผ่นปิดรอยต่อ
5,ruleNo5_4_กระจกเทมเปอร์,18,กระจกเทมเปอร์ (T/P),อุปกรณ์,sub,,,อุปกรณ์เจียรกระจก
5,ruleNo5_5_กระจกฉนวนอากาศ,1,กระจกฉนวนอากาศ,กระจก,main,PROCESS,GP003,กระจกฉนวนอากาศ
5,ruleNo5_5_กระจกฉนวนอากาศ,2,กระจกฉนวนอากาศ,กาวยาแนว,sub,SIL,S08,กาวยาแนวซิลิโคน โครงการ (791/ 793/ 795)
5,ruleNo5_5_กระจกฉนวนอากาศ,3,กระจกฉนวนอากาศ,กาวยาแนว,sub,SIL,S09,กาวยาแนวซิลิโคน โครงการ (791/ 793/ 795)
5,ruleNo5_5_กระจกฉนวนอากาศ,4,กระจกฉนวนอากาศ,กาวยาแนว,sub,SIL,S10,กาวยาแนวซิลิโคน โครงการ (791/ 793/ 795)
5,ruleNo5_5_กระจกฉนวนอากาศ,5,กระจกฉนวนอากาศ,อุปกรณ์,sub,,,เฟรมอลูมิเนียม
5,ruleNo5_5_กระจกฉนวนอากาศ,6,กระจกฉนวนอากาศ,อุปกรณ์,sub,,,แผ่นปิดรอยต่อ
5,ruleNo5_5_กระจกฉนวนอากาศ,7,กระจกฉนวนอากาศ,อุปกรณ์,sub,AS,S15,ปืนยิงกาวซิลิโคน
5,ruleNo5_5_กระจกฉนวนอากาศ,8,กระจกฉนวนอากาศ,อุปกรณ์,sub,AS,S16,ปืนยิงกาวซิลิโคน
5,ruleNo5_5_กระจกฉนวนอากาศ,9,กระจกฉนวนอากาศ,อุปกรณ์,sub,AS,S17,ปืนยิงกาวซิลิโคน
5,ruleNo5_5_กระจกฉนวนอากาศ,10,กระจกฉนวนอากาศ,อุปกรณ์,sub,AS,S18,ปืนยิงกาวซิลิโคน
5,ruleNo5_5_กระจกฉนวนอากาศ,11,กระจกฉนวนอากาศ,อุปกรณ์,sub,,,ตลับเมตร/ บักเต้า/ ค้อนยาง
5,ruleNo5_6_กระจกพ่นทราย,1,กระจกพ่นทราย(พ่นฝ้า),กระจก,main,SANDBLAST,,กระจกพ่นทราย
5,ruleNo5_6_กระจกพ่นทราย,2,กระจกพ่นทราย(พ่นฝ้า),กาวยาแนว,sub,SIL,S03,กาวยาแนวซิลิโคนไม่มีกรด
5,ruleNo5_6_กระจกพ่นทราย,3,กระจกพ่นทราย(พ่นฝ้า),กาวยาแนว,sub,SIL,S04,กาวยาแนวซิลิโคนไม่มีกรด
5,ruleNo5_6_กระจกพ่นทราย,4,กระจกพ่นทราย(พ่นฝ้า),เครื่องมือ,sub,AS,S15,ปืนยิงกาวซิลิโคน
5,ruleNo5_6_กระจกพ่นทราย,5,กระจกพ่นทราย(พ่นฝ้า),เครื่องมือ,sub,AS,S16,ปืนยิงกาวซิลิโคน
5,ruleNo5_6_กระจกพ่นทราย,6,กระจกพ่นทราย(พ่นฝ้า),เครื่องมือ,sub,AS,S17,ปืนยิงกาวซิลิโคน
5,ruleNo5_6_กระจกพ่นทราย,7,กระจกพ่นทราย(พ่นฝ้า),เครื่องมือ,sub,AS,S18,ปืนยิงกาวซิลิโคน
5,ruleNo5_7_กระจกมีเดีย,1,กระจกมีเดีย,กระจก,main,PROCESS,GP023,กระจกมีเดีย
5,ruleNo5_7_กระจกมีเดีย,2,กระจกมีเดีย,กาวยาแนว,sub,SIL,S03,กาวยาแนวซิลิโคนไม่มีกรด
5,ruleNo5_7_กระจกมีเดีย,3,กระจกมีเดีย,กาวยาแนว,sub,SIL,S04,กาวยาแนวซิลิโคนไม่มีกรด
5,ruleNo5_7_กระจกมีเดีย,4,กระจกมีเดีย,เครื่องมือ,sub,AS,S15,ปืนยิงกาวซิลิโคน
5,ruleNo5_7_กระจกมีเดีย,5,กระจกมีเดีย,เครื่องมือ,sub,AS,S16,ปืนยิงกาวซิลิโคน
5,ruleNo5_7_กระจกมีเดีย,6,กระจกมีเดีย,เครื่องมือ,sub,AS,S17,ปืนยิงกาวซิลิโคน
5,ruleNo5_7_กระจกมีเดีย,7,กระจกมีเดีย,เครื่องมือ,sub,AS,S18,ปืนยิงกาวซิลิโคน
5,ruleNo5_8_กระจกเคลือบสี,1,กระจกเคลือบสี,กระจก,main,PROCESS,GP010,กระจกเคลือบสี
5,ruleNo5_8_กระจกเคลือบสี,2,กระจกเคลือบสี,กาวยาแนว,sub,SIL,S03,กาวยาแนวซิลิโคนไม่มีกรด
5,ruleNo5_8_กระจกเคลือบสี,3,กระจกเคลือบสี,กาวยาแนว,sub,SIL,S04,กาวยาแนวซิลิโคนไม่มีกรด
5,ruleNo5_8_กระจกเคลือบสี,4,กระจกเคลือบสี,เครื่องมือ,sub,AS,S15,ปืนยิงกาวซิลิโคน
5,ruleNo5_8_กระจกเคลือบสี,5,กระจกเคลือบสี,เครื่องมือ,sub,AS,S16,ปืนยิงกาวซิลิโคน
5,ruleNo5_8_กระจกเคลือบสี,6,กระจกเคลือบสี,เครื่องมือ,sub,AS,S17,ปืนยิงกาวซิลิโคน
5,ruleNo5_8_กระจกเคลือบสี,7,กระจกเคลือบสี,เครื่องมือ,sub,AS,S18,ปืนยิงกาวซิลิโคน
5,ruleNo5_9_กระจกเคลือบสี,1,กระจกเคลือบสี,กระจก,main,PROCESS,GP011,กระจกเคลือบสี
5,ruleNo5_9_กระจกเคลือบสี,2,กระจกเคลือบสี,กาวยาแนว,sub,SIL,S03,กาวยาแนวซิลิโคนไม่มีกรด
5,ruleNo5_9_กระจกเคลือบสี,3,กระจกเคลือบสี,กาวยาแนว,sub,SIL,S04,กาวยาแนวซิลิโคนไม่มีกรด
5,ruleNo5_9_กระจกเคลือบสี,4,กระจกเคลือบสี,เครื่องมือ,sub,AS,S15,ปืนยิงกาวซิลิโคน
5,ruleNo5_9_กระจกเคลือบสี,5,กระจกเคลือบสี,เครื่องมือ,sub,AS,S16,ปืนยิงกาวซิลิโคน
5,ruleNo5_9_กระจกเคลือบสี,6,กระจกเคลือบสี,เครื่องมือ,sub,AS,S17,ปืนยิงกาวซิลิโคน
5,ruleNo5_9_กระจกเคลือบสี,7,กระจกเคลือบสี,เครื่องมือ,sub,AS,S18,ปืนยิงกาวซิลิโคน
5,ruleNo5_10_กระจกเคลือบสี,1,กระจกเคลือบสี,กระจก,main,PROCESS,GP012,กระจกเคลือบสี
5,ruleNo5_10_กระจกเคลือบสี,2,กระจกเคลือบสี,กาวยาแนว,sub,SIL,S03,กาวยาแนวซิลิโคนไม่มีกรด
5,ruleNo5_10_กระจกเคลือบสี,3,กระจกเคลือบสี,กาวยาแนว,sub,SIL,S04,กาวยาแนวซิลิโคนไม่มีกรด
5,ruleNo5_10_กระจกเคลือบสี,4,กระจกเคลือบสี,เครื่องมือ,sub,AS,S15,ปืนยิงกาวซิลิโคน
5,ruleNo5_10_กระจกเคลือบสี,5,กระจกเคลือบสี,เครื่องมือ,sub,AS,S16,ปืนยิงกาวซิลิโคน
5,ruleNo5_10_กระจกเคลือบสี,6,กระจกเคลือบสี,เครื่องมือ,sub,AS,S17,ปืนยิงกาวซิลิโคน
5,ruleNo5_10_กระจกเคลือบสี,7,กระจกเคลือบสี,เครื่องมือ,sub,AS,S18,ปืนยิงกาวซิลิโคน
5,ruleNo5_11_กระจกเคลือบสี,1,กระจกเคลือบสี,กระจก,main,PROCESS,GP013,กระจกเคลือบสี
5,ruleNo5_11_กระจกเคลือบสี,2,กระจกเคลือบสี,กาวยาแนว,sub,SIL,S03,กาวยาแนวซิลิโคนไม่มีกรด
5,ruleNo5_11_กระจกเคลือบสี,3,กระจกเคลือบสี,กาวยาแนว,sub,SIL,S04,กาวยาแนวซิลิโคนไม่มีกรด
5,ruleNo5_11_กระจกเคลือบสี,4,กระจกเคลือบสี,เครื่องมือ,sub,AS,S15,ปืนยิงกาวซิลิโคน
5,ruleNo5_11_กระจกเคลือบสี,5,กระจกเคลือบสี,เครื่องมือ,sub,AS,S16,ปืนยิงกาวซิลิโคน
5,ruleNo5_11_กระจกเคลือบสี,6,กระจกเคลือบสี,เครื่องมือ,sub,AS,S17,ปืนยิงกาวซิลิโคน
5,ruleNo5_11_กระจกเคลือบสี,7,กระจกเคลือบสี,เครื่องมือ,sub,AS,S18,ปืนยิงกาวซิลิโคน
5,ruleNo5_12_กระจกเคลือบสี,1,กระจกเคลือบสี,กระจก,main,PROCESS,GP014,กระจกเคลือบสี
5,ruleNo5_12_กระจกเคลือบสี,2,กระจกเคลือบสี,กาวยาแนว,sub,SIL,S03,กาวยาแนวซิลิโคนไม่มีกรด
5,ruleNo5_12_กระจกเคลือบสี,3,กระจกเคลือบสี,กาวยาแนว,sub,SIL,S04,กาวยาแนวซิลิโคนไม่มีกรด
5,ruleNo5_12_กระจกเคลือบสี,4,กระจกเคลือบสี,เครื่องมือ,sub,AS,S15,ปืนยิงกาวซิลิโคน
5,ruleNo5_12_กระจกเคลือบสี,5,กระจกเคลือบสี,เครื่องมือ,sub,AS,S16,ปืนยิงกาวซิลิโคน
5,ruleNo5_12_กระจกเคลือบสี,6,กระจกเคลือบสี,เครื่องมือ,sub,AS,S17,ปืนยิงกาวซิลิโคน
5,ruleNo5_12_กระจกเคลือบสี,7,กระจกเคลือบสี,เครื่องมือ,sub,AS,S18,ปืนยิงกาวซิลิโคน
5,ruleNo5_13_กระจกเคลือบสี,1,กระจกเคลือบสี,กระจก,main,PROCESS,GP015,กระจกเคลือบสี
5,ruleNo5_13_กระจกเคลือบสี,2,กระจกเคลือบสี,กาวยาแนว,sub,SIL,S03,กาวยาแนวซิลิโคนไม่มีกรด
5,ruleNo5_13_กระจกเคลือบสี,3,กระจกเคลือบสี,กาวยาแนว,sub,SIL,S04,กาวยาแนวซิลิโคนไม่มีกรด
5,ruleNo5_13_กระจกเคลือบสี,4,กระจกเคลือบสี,เครื่องมือ,sub,AS,S15,ปืนยิงกาวซิลิโคน
5,ruleNo5_13_กระจกเคลือบสี,5,กระจกเคลือบสี,เครื่องมือ,sub,AS,S16,ปืนยิงกาวซิลิโคน
5,ruleNo5_13_กระจกเคลือบสี,6,กระจกเคลือบสี,เครื่องมือ,sub,AS,S17,ปืนยิงกาวซิลิโคน
5,ruleNo5_13_กระจกเคลือบสี,7,กระจกเคลือบสี,เครื่องมือ,sub,AS,S18,ปืนยิงกาวซิลิโคน
5,ruleNo5_14_กระจกเคลือบสี,1,กระจกเคลือบสี,กระจก,main,PROCESS,GP016,กระจกเคลือบสี
5,ruleNo5_14_กระจกเคลือบสี,2,กระจกเคลือบสี,กาวยาแนว,sub,SIL,S03,กาวยาแนวซิลิโคนไม่มีกรด
5,ruleNo5_14_กระจกเคลือบสี,3,กระจกเคลือบสี,กาวยาแนว,sub,SIL,S04,กาวยาแนวซิลิโคนไม่มีกรด
5,ruleNo5_14_กระจกเคลือบสี,4,กระจกเคลือบสี,เครื่องมือ,sub,AS,S15,ปืนยิงกาวซิลิโคน
5,ruleNo5_14_กระจกเคลือบสี,5,กระจกเคลือบสี,เครื่องมือ,sub,AS,S16,ปืนยิงกาวซิลิโคน
5,ruleNo5_14_กระจกเคลือบสี,6,กระจกเคลือบสี,เครื่องมือ,sub,AS,S17,ปืนยิงกาวซิลิโคน
5,ruleNo5_14_กระจกเคลือบสี,7,กระจกเคลือบสี,เครื่องมือ,sub,AS,S18,ปืนยิงกาวซิลิโคน
5,ruleNo5_15_กระจกฟิวส์,1,กระจกฟิวส์,กระจก,main,PROCESS,GP020,กระจกฟิวส์
5,ruleNo5_15_กระจกฟิวส์,2,กระจกฟิวส์,กาวยาแนว,sub,SIL,S03,กาวยาแนวซิลิโคนไม่มีกรด
5,ruleNo5_15_กระจกฟิวส์,3,กระจกฟิวส์,กาวยาแนว,sub,SIL,S04,กาวยาแนวซิลิโคนไม่มีกรด
5,ruleNo5_15_กระจกฟิวส์,4,กระจกฟิวส์,เครื่องมือ,sub,AS,S15,ปืนยิงกาวซิลิโคน
5,ruleNo5_15_กระจกฟิวส์,5,กระจกฟิวส์,เครื่องมือ,sub,AS,S16,ปืนยิงกาวซิลิโคน
5,ruleNo5_15_กระจกฟิวส์,6,กระจกฟิวส์,เครื่องมือ,sub,AS,S17,ปืนยิงกาวซิลิโคน
5,ruleNo5_15_กระจกฟิวส์,7,กระจกฟิวส์,เครื่องมือ,sub,AS,S18,ปืนยิงกาวซิลิโคน
5,ruleNo5_16_กระจกสะท้อนแสง,1,กระจกสะท้อนแสง,กระจก,main,REFLECTIVE,,กระจกสะท้อนแสง 
5,ruleNo5_16_กระจกสะท้อนแสง,2,กระจกสะท้อนแสง,กาวยาแนว,sub,SIL,S03,กาวยาแนวซิลิโคนไม่มีกรด
5,ruleNo5_16_กระจกสะท้อนแสง,3,กระจกสะท้อนแสง,กาวยาแนว,sub,SIL,S04,กาวยาแนวซิลิโคนไม่มีกรด
5,ruleNo5_16_กระจกสะท้อนแสง,4,กระจกสะท้อนแสง,กาวยาแนว,sub,ADH,S14,กาวตะปู
5,ruleNo5_16_กระจกสะท้อนแสง,5,กระจกสะท้อนแสง,กาวยาแนว,sub,ADH,S98,กาวตะปู
5,ruleNo5_16_กระจกสะท้อนแสง,6,กระจกสะท้อนแสง,เครื่องมือ,sub,AS,S15,ปืนยิงกาวซิลิโคน
5,ruleNo5_16_กระจกสะท้อนแสง,7,กระจกสะท้อนแสง,เครื่องมือ,sub,AS,S16,ปืนยิงกาวซิลิโคน
5,ruleNo5_16_กระจกสะท้อนแสง,8,กระจกสะท้อนแสง,เครื่องมือ,sub,AS,S17,ปืนยิงกาวซิลิโคน
5,ruleNo5_16_กระจกสะท้อนแสง,9,กระจกสะท้อนแสง,เครื่องมือ,sub,AS,S18,ปืนยิงกาวซิลิโคน
5,ruleNo5_17_กระจกเสริมลวด,1,กระจกเสริมลวด,กระจก,main,WIRED,,กระจกเสริมลวด
5,ruleNo5_17_กระจกเสริมลวด,2,กระจกเสริมลวด,กาวยาแนว,sub,SIL,S03,กาวยาแนวซิลิโคนไม่มีกรด
5,ruleNo5_17_กระจกเสริมลวด,3,กระจกเสริมลวด,กาวยาแนว,sub,SIL,S04,กาวยาแนวซิลิโคนไม่มีกรด
5,ruleNo5_17_กระจกเสริมลวด,4,กระจกเสริมลวด,เครื่องมือ,sub,AS,S15,ปืนยิงกาวซิลิโคน
5,ruleNo5_17_กระจกเสริมลวด,5,กระจกเสริมลวด,เครื่องมือ,sub,AS,S16,ปืนยิงกาวซิลิโคน
5,ruleNo5_17_กระจกเสริมลวด,6,กระจกเสริมลวด,เครื่องมือ,sub,AS,S17,ปืนยิงกาวซิลิโคน
5,ruleNo5_17_กระจกเสริมลวด,7,กระจกเสริมลวด,เครื่องมือ,sub,AS,S18,ปืนยิงกาวซิลิโคน
5,ruleNo5_18_กระจกใส,1,กระจกใส,กระจก,main,CLEAR,,กระจกใส
5,ruleNo5_18_กระจกใส,2,กระจกใส,กาวยาแนว,sub,SIL,S01,กาวยาแนวซิลิโคนมีกรด
5,ruleNo5_18_กระจกใส,3,กระจกใส,กาวยาแนว,sub,SIL,S02,กาวยาแนวซิลิโคนมีกรด
5,ruleNo5_18_กระจกใส,4,กระจกใส,กาวยาแนว,sub,SIL,S03,กาวยาแนวซิลิโคนไม่มีกรด
5,ruleNo5_18_กระจกใส,5,กระจกใส,กาวยาแนว,sub,SIL,S04,กาวยาแนวซิลิโคนไม่มีกรด
5,ruleNo5_18_กระจกใส,6,กระจกใส,กาวยาแนว,sub,ARC,S22,กาวยาแนวอะคริลิค
5,ruleNo5_18_กระจกใส,7,กระจกใส,กาวยาแนว,sub,ARC,S20,กาวยาแนวอะคริลิค
5,ruleNo5_18_กระจกใส,8,กระจกใส,กาวยาแนว,sub,ARC,S21,กาวยาแนวอะคริลิค
5,ruleNo5_18_กระจกใส,9,กระจกใส,กาวยาแนว,sub,PU,,กาวยาแนวโพลียูรีเทน
5,ruleNo5_18_กระจกใส,10,กระจกใส,เครื่องมือ,sub,AS,S15,ปืนยิงกาวซิลิโคน
5,ruleNo5_18_กระจกใส,11,กระจกใส,เครื่องมือ,sub,AS,S16,ปืนยิงกาวซิลิโคน
5,ruleNo5_18_กระจกใส,12,กระจกใส,เครื่องมือ,sub,AS,S17,ปืนยิงกาวซิลิโคน
5,ruleNo5_18_กระจกใส,13,กระจกใส,เครื่องมือ,sub,AS,S18,ปืนยิงกาวซิลิโคน
5,ruleNo5_19_กระจกลวดลาย,1,กระจกลวดลาย,กระจก,main,FIGURED,,กระจกลวดลาย
5,ruleNo5_19_กระจกลวดลาย,2,กระจกลวดลาย,กาวยาแนว,sub,SIL,S03,กาวยาแนวซิลิโคนไม่มีกรด
5,ruleNo5_19_กระจกลวดลาย,3,กระจกลวดลาย,กาวยาแนว,sub,SIL,S04,กาวยาแนวซิลิโคนไม่มีกรด
5,ruleNo5_19_กระจกลวดลาย,4,กระจกลวดลาย,เครื่องมือ,sub,AS,S15,ปืนยิงกาวซิลิโคน
5,ruleNo5_19_กระจกลวดลาย,5,กระจกลวดลาย,เครื่องมือ,sub,AS,S16,ปืนยิงกาวซิลิโคน
5,ruleNo5_19_กระจกลวดลาย,6,กระจกลวดลาย,เครื่องมือ,sub,AS,S17,ปืนยิงกาวซิลิโคน
5,ruleNo5_19_กระจกลวดลาย,7,กระจกลวดลาย,เครื่องมือ,sub,AS,S18,ปืนยิงกาวซิลิโคน
5,ruleNo5_20_กระจกสี,1,กระจกสี,กาวยาแนว,main,TINTED,,กระจกสี
5,ruleNo5_20_กระจกสี,2,กระจกสี,กาวยาแนว,sub,SIL,S01,กาวยาแนวซิลิโคนมีกรด
5,ruleNo5_20_กระจกสี,3,กระจกสี,กาวยาแนว,sub,SIL,S02,กาวยาแนวซิลิโคนมีกรด
5,ruleNo5_20_กระจกสี,4,กระจกสี,กาวยาแนว,sub,SIL,S03,กาวยาแนวซิลิโคนไม่มีกรด
5,ruleNo5_20_กระจกสี,5,กระจกสี,กาวยาแนว,sub,SIL,S04,กาวยาแนวซิลิโคนไม่มีกรด
5,ruleNo5_20_กระจกสี,6,กระจกสี,กาวยาแนว,sub,ARC,S22,กาวยาแนวอะคริลิค
5,ruleNo5_20_กระจกสี,7,กระจกสี,กาวยาแนว,sub,ARC,S20,กาวยาแนวอะคริลิค
5,ruleNo5_20_กระจกสี,8,กระจกสี,กาวยาแนว,sub,ARC,S21,กาวยาแนวอะคริลิค
5,ruleNo5_20_กระจกสี,9,กระจกสี,กาวยาแนว,sub,PU,,กาวยาแนวโพลียูรีเทน
5,ruleNo5_20_กระจกสี,10,กระจกสี,เครื่องมือ,sub,AS,S15,ปืนยิงกาวซิลิโคน
5,ruleNo5_20_กระจกสี,11,กระจกสี,เครื่องมือ,sub,AS,S16,ปืนยิงกาวซิลิโคน
5,ruleNo5_20_กระจกสี,12,กระจกสี,เครื่องมือ,sub,AS,S17,ปืนยิงกาวซิลิโคน
5,ruleNo5_20_กระจกสี,13,กระจกสี,เครื่องมือ,sub,AS,S18,ปืนยิงกาวซิลิโคน
1,ruleNo1_4_ฝ้าฉาบเรียบ,1,ฝ้าฉาบเรียบ,แผ่นฝ้า,main,YG000-01,,ยิปซัม 120 x 240
1,ruleNo1_4_ฝ้าฉาบเรียบ,2,ฝ้าฉาบเรียบ,โครงคร่าว,main,CG05,,โครงริม/ฉาก
1,ruleNo1_4_ฝ้าฉาบเรียบ,3,ฝ้าฉาบเรียบ,โครงคร่าว,main,CG07,,โครงริม/ฉาก
1,ruleNo1_4_ฝ้าฉาบเรียบ,4,ฝ้าฉาบเรียบ,โครงคร่าว,main,CG09,,โครงริม/ฉาก
1,ruleNo1_4_ฝ้าฉาบเรียบ,5,ฝ้าฉาบเรียบ,โครงคร่าว,main,CG01,,โครงซีลาย
1,ruleNo1_4_ฝ้าฉาบเรียบ,6,ฝ้าฉาบเรียบ,โครงคร่าว,main,CG06,,โครงซีลาย
1,ruleNo1_4_ฝ้าฉาบเรียบ,7,ฝ้าฉาบเรียบ,โครงคร่าว,main,CG08,,โครงซีลาย
1,ruleNo1_4_ฝ้าฉาบเรียบ,8,ฝ้าฉาบเรียบ,โครงคร่าว,main,CG10,,โครงผนัง ตัวซี/ตัวยู
1,ruleNo1_4_ฝ้าฉาบเรียบ,9,ฝ้าฉาบเรียบ,โครงคร่าว,main,CG11,,ซอยผนัง
1,ruleNo1_4_ฝ้าฉาบเรียบ,10,ฝ้าฉาบเรียบ,ฉนวน,sub,YG000-13,YS000-51,ฉนวนกันร้อน
1,ruleNo1_4_ฝ้าฉาบเรียบ,11,ฝ้าฉาบเรียบ,ฉนวน,sub,YG000-13,YS000-52,ฉนวนกันเสียง
1,ruleNo1_4_ฝ้าฉาบเรียบ,12,ฝ้าฉาบเรียบ,อุปกรณ์,sub,CG18,,ผ้าฉาบ
1,ruleNo1_4_ฝ้าฉาบเรียบ,13,ฝ้าฉาบเรียบ,อุปกรณ์,sub,CG30,,ปูนฉาบ
1,ruleNo1_4_ฝ้าฉาบเรียบ,14,ฝ้าฉาบเรียบ,อุปกรณ์,sub,CG43,,สีทาฝ้า
1,ruleNo1_4_ฝ้าฉาบเรียบ,15,ฝ้าฉาบเรียบ,อุปกรณ์,sub,CG43,,สีย้อมไม้
1,ruleNo1_4_ฝ้าฉาบเรียบ,16,ฝ้าฉาบเรียบ,อุปกรณ์,sub,CG20,,สกูร
1,ruleNo1_4_ฝ้าฉาบเรียบ,17,ฝ้าฉาบเรียบ,อุปกรณ์,sub,CG18,,ผ้าเทปแปะฉนวน
1,ruleNo1_4_ฝ้าฉาบเรียบ,18,ฝ้าฉาบเรียบ,เครื่องมือ,sub,CG19,,เกียงฉาบ
1,ruleNo1_4_ฝ้าฉาบเรียบ,19,ฝ้าฉาบเรียบ,เครื่องมือ,sub,CG26,,ลูกกลิ้งทาสี
1,ruleNo1_4_ฝ้าฉาบเรียบ,20,ฝ้าฉาบเรียบ,เครื่องมือ,sub,CG27,,อะไหล่ลูกกลิ้งทาสี
1,ruleNo1_4_ฝ้าฉาบเรียบ,21,ฝ้าฉาบเรียบ,เครื่องมือ,sub,CG25,,แปรงทาสี
1,ruleNo1_4_ฝ้าฉาบเรียบ,22,ฝ้าฉาบเรียบ,เครื่องมือ,sub,AS,S15,ปืนยิงกาวยาแนว
1,ruleNo1_4_ฝ้าฉาบเรียบ,23,ฝ้าฉาบเรียบ,เครื่องมือ,sub,EG14,ESG13,อุปกรณ์เครื่องมือช่าง
1,ruleNo1_4_ฝ้าฉาบเรียบ,24,ฝ้าฉาบเรียบ,เครื่องมือ,sub,EG15,ESG13,อุปกรณ์เครื่องมือช่าง
1,ruleNo1_4_ฝ้าฉาบเรียบ,25,ฝ้าฉาบเรียบ,กาวยาแนว,sub,ARC,S22,กาวยาแนวอะคริลิค
1,ruleNo1_4_ฝ้าฉาบเรียบ,26,ฝ้าฉาบเรียบ,กาวยาแนว,sub,ARC,S20,กาวยาแนวอะคริลิค
1,ruleNo1_4_ฝ้าฉาบเรียบ,27,ฝ้าฉาบเรียบ,กาวยาแนว,sub,ARC,S21,กาวยาแนวอะคริลิค
1,ruleNo1_5_ฝ้าฉาบเรียบ,1,ฝ้าฉาบเรียบ,แผ่นฝ้า,main,YG000-02,,ยิปซัม 120 x 240
1,ruleNo1_5_ฝ้าฉาบเรียบ,2,ฝ้าฉาบเรียบ,โครงคร่าว,main,CG05,,โครงริม/ฉาก
1,ruleNo1_5_ฝ้าฉาบเรียบ,3,ฝ้าฉาบเรียบ,โครงคร่าว,main,CG07,,โครงริม/ฉาก
1,ruleNo1_5_ฝ้าฉาบเรียบ,4,ฝ้าฉาบเรียบ,โครงคร่าว,main,CG09,,โครงริม/ฉาก
1,ruleNo1_5_ฝ้าฉาบเรียบ,5,ฝ้าฉาบเรียบ,โครงคร่าว,main,CG01,,โครงซีลาย
1,ruleNo1_5_ฝ้าฉาบเรียบ,6,ฝ้าฉาบเรียบ,โครงคร่าว,main,CG06,,โครงซีลาย
1,ruleNo1_5_ฝ้าฉาบเรียบ,7,ฝ้าฉาบเรียบ,โครงคร่าว,main,CG08,,โครงซีลาย
1,ruleNo1_5_ฝ้าฉาบเรียบ,8,ฝ้าฉาบเรียบ,โครงคร่าว,main,CG10,,โครงผนัง ตัวซี/ตัวยู
1,ruleNo1_5_ฝ้าฉาบเรียบ,9,ฝ้าฉาบเรียบ,โครงคร่าว,main,CG11,,ซอยผนัง
1,ruleNo1_5_ฝ้าฉาบเรียบ,10,ฝ้าฉาบเรียบ,ฉนวน,sub,YG000-13,YS000-51,ฉนวนกันร้อน
1,ruleNo1_5_ฝ้าฉาบเรียบ,11,ฝ้าฉาบเรียบ,ฉนวน,sub,YG000-13,YS000-52,ฉนวนกันเสียง
1,ruleNo1_5_ฝ้าฉาบเรียบ,12,ฝ้าฉาบเรียบ,อุปกรณ์,sub,CG18,,ผ้าฉาบ
1,ruleNo1_5_ฝ้าฉาบเรียบ,13,ฝ้าฉาบเรียบ,อุปกรณ์,sub,CG30,,ปูนฉาบ
1,ruleNo1_5_ฝ้าฉาบเรียบ,14,ฝ้าฉาบเรียบ,อุปกรณ์,sub,CG43,,สีทาฝ้า
1,ruleNo1_5_ฝ้าฉาบเรียบ,15,ฝ้าฉาบเรียบ,อุปกรณ์,sub,CG43,,สีย้อมไม้
1,ruleNo1_5_ฝ้าฉาบเรียบ,16,ฝ้าฉาบเรียบ,อุปกรณ์,sub,CG20,,สกูร
1,ruleNo1_5_ฝ้าฉาบเรียบ,17,ฝ้าฉาบเรียบ,อุปกรณ์,sub,CG18,,ผ้าเทปแปะฉนวน
1,ruleNo1_5_ฝ้าฉาบเรียบ,18,ฝ้าฉาบเรียบ,เครื่องมือ,sub,CG19,,เกียงฉาบ
1,ruleNo1_5_ฝ้าฉาบเรียบ,19,ฝ้าฉาบเรียบ,เครื่องมือ,sub,CG26,,ลูกกลิ้งทาสี
1,ruleNo1_5_ฝ้าฉาบเรียบ,20,ฝ้าฉาบเรียบ,เครื่องมือ,sub,CG27,,อะไหล่ลูกกลิ้งทาสี
1,ruleNo1_5_ฝ้าฉาบเรียบ,21,ฝ้าฉาบเรียบ,เครื่องมือ,sub,CG25,,แปรงทาสี
1,ruleNo1_5_ฝ้าฉาบเรียบ,22,ฝ้าฉาบเรียบ,เครื่องมือ,sub,AS,S15,ปืนยิงกาวยาแนว
1,ruleNo1_5_ฝ้าฉาบเรียบ,23,ฝ้าฉาบเรียบ,เครื่องมือ,sub,EG14,ESG13,อุปกรณ์เครื่องมือช่าง
1,ruleNo1_5_ฝ้าฉาบเรียบ,24,ฝ้าฉาบเรียบ,เครื่องมือ,sub,EG15,ESG13,อุปกรณ์เครื่องมือช่าง
1,ruleNo1_5_ฝ้าฉาบเรียบ,25,ฝ้าฉาบเรียบ,กาวยาแนว,sub,ARC,S22,กาวยาแนวอะคริลิค
1,ruleNo1_5_ฝ้าฉาบเรียบ,26,ฝ้าฉาบเรียบ,กาวยาแนว,sub,ARC,S20,กาวยาแนวอะคริลิค
1,ruleNo1_5_ฝ้าฉาบเรียบ,27,ฝ้าฉาบเรียบ,กาวยาแนว,sub,ARC,S21,กาวยาแนวอะคริลิค
1,ruleNo1_6_ฝ้าฉาบเรียบ,1,ฝ้าฉาบเรียบ,แผ่นฝ้า,main,YG000-03,,ยิปซัม 120 x 240
1,ruleNo1_6_ฝ้าฉาบเรียบ,2,ฝ้าฉาบเรียบ,โครงคร่าว,main,CG05,,โครงริม/ฉาก
1,ruleNo1_6_ฝ้าฉาบเรียบ,3,ฝ้าฉาบเรียบ,โครงคร่าว,main,CG07,,โครงริม/ฉาก
1,ruleNo1_6_ฝ้าฉาบเรียบ,4,ฝ้าฉาบเรียบ,โครงคร่าว,main,CG09,,โครงริม/ฉาก
1,ruleNo1_6_ฝ้าฉาบเรียบ,5,ฝ้าฉาบเรียบ,โครงคร่าว,main,CG01,,โครงซีลาย
1,ruleNo1_6_ฝ้าฉาบเรียบ,6,ฝ้าฉาบเรียบ,โครงคร่าว,main,CG06,,โครงซีลาย
1,ruleNo1_6_ฝ้าฉาบเรียบ,7,ฝ้าฉาบเรียบ,โครงคร่าว,main,CG08,,โครงซีลาย
1,ruleNo1_6_ฝ้าฉาบเรียบ,8,ฝ้าฉาบเรียบ,โครงคร่าว,main,CG10,,โครงผนัง ตัวซี/ตัวยู
1,ruleNo1_6_ฝ้าฉาบเรียบ,9,ฝ้าฉาบเรียบ,โครงคร่าว,main,CG11,,ซอยผนัง
1,ruleNo1_6_ฝ้าฉาบเรียบ,10,ฝ้าฉาบเรียบ,ฉนวน,sub,YG000-13,YS000-51,ฉนวนกันร้อน
1,ruleNo1_6_ฝ้าฉาบเรียบ,11,ฝ้าฉาบเรียบ,ฉนวน,sub,YG000-13,YS000-52,ฉนวนกันเสียง
1,ruleNo1_6_ฝ้าฉาบเรียบ,12,ฝ้าฉาบเรียบ,อุปกรณ์,sub,CG18,,ผ้าฉาบ
1,ruleNo1_6_ฝ้าฉาบเรียบ,13,ฝ้าฉาบเรียบ,อุปกรณ์,sub,CG30,,ปูนฉาบ
1,ruleNo1_6_ฝ้าฉาบเรียบ,14,ฝ้าฉาบเรียบ,อุปกรณ์,sub,CG43,,สีทาฝ้า
1,ruleNo1_6_ฝ้าฉาบเรียบ,15,ฝ้าฉาบเรียบ,อุปกรณ์,sub,CG43,,สีย้อมไม้
1,ruleNo1_6_ฝ้าฉาบเรียบ,16,ฝ้าฉาบเรียบ,อุปกรณ์,sub,CG20,,สกูร
1,ruleNo1_6_ฝ้าฉาบเรียบ,17,ฝ้าฉาบเรียบ,อุปกรณ์,sub,CG18,,ผ้าเทปแปะฉนวน
1,ruleNo1_6_ฝ้าฉาบเรียบ,18,ฝ้าฉาบเรียบ,เครื่องมือ,sub,CG19,,เกียงฉาบ
1,ruleNo1_6_ฝ้าฉาบเรียบ,19,ฝ้าฉาบเรียบ,เครื่องมือ,sub,CG26,,ลูกกลิ้งทาสี
1,ruleNo1_6_ฝ้าฉาบเรียบ,20,ฝ้าฉาบเรียบ,เครื่องมือ,sub,CG27,,อะไหล่ลูกกลิ้งทาสี
1,ruleNo1_6_ฝ้าฉาบเรียบ,21,ฝ้าฉาบเรียบ,เครื่องมือ,sub,CG25,,แปรงทาสี
1,ruleNo1_6_ฝ้าฉาบเรียบ,22,ฝ้าฉาบเรียบ,เครื่องมือ,sub,AS,S15,ปืนยิงกาวยาแนว
1,ruleNo1_6_ฝ้าฉาบเรียบ,23,ฝ้าฉาบเรียบ,เครื่องมือ,sub,EG14,ESG13,อุปกรณ์เครื่องมือช่าง
1,ruleNo1_6_ฝ้าฉาบเรียบ,24,ฝ้าฉาบเรียบ,เครื่องมือ,sub,EG15,ESG13,อุปกรณ์เครื่องมือช่าง
1,ruleNo1_6_ฝ้าฉาบเรียบ,25,ฝ้าฉาบเรียบ,กาวยาแนว,sub,ARC,S22,กาวยาแนวอะคริลิค
1,ruleNo1_6_ฝ้าฉาบเรียบ,26,ฝ้าฉาบเรียบ,กาวยาแนว,sub,ARC,S20,กาวยาแนวอะคริลิค
1,ruleNo1_6_ฝ้าฉาบเรียบ,27,ฝ้าฉาบเรียบ,กาวยาแนว,sub,ARC,S21,กาวยาแนวอะคริลิค
1,ruleNo1_7_ฝ้าฉาบเรียบ,1,ฝ้าฉาบเรียบ,แผ่นฝ้า,main,YG000-04,,ยิปซัม 120 x 240
1,ruleNo1_7_ฝ้าฉาบเรียบ,2,ฝ้าฉาบเรียบ,โครงคร่าว,main,CG05,,โครงริม/ฉาก
1,ruleNo1_7_ฝ้าฉาบเรียบ,3,ฝ้าฉาบเรียบ,โครงคร่าว,main,CG07,,โครงริม/ฉาก
1,ruleNo1_7_ฝ้าฉาบเรียบ,4,ฝ้าฉาบเรียบ,โครงคร่าว,main,CG09,,โครงริม/ฉาก
1,ruleNo1_7_ฝ้าฉาบเรียบ,5,ฝ้าฉาบเรียบ,โครงคร่าว,main,CG01,,โครงซีลาย
1,ruleNo1_7_ฝ้าฉาบเรียบ,6,ฝ้าฉาบเรียบ,โครงคร่าว,main,CG06,,โครงซีลาย
1,ruleNo1_7_ฝ้าฉาบเรียบ,7,ฝ้าฉาบเรียบ,โครงคร่าว,main,CG08,,โครงซีลาย
1,ruleNo1_7_ฝ้าฉาบเรียบ,8,ฝ้าฉาบเรียบ,โครงคร่าว,main,CG10,,โครงผนัง ตัวซี/ตัวยู
1,ruleNo1_7_ฝ้าฉาบเรียบ,9,ฝ้าฉาบเรียบ,โครงคร่าว,main,CG11,,ซอยผนัง
1,ruleNo1_7_ฝ้าฉาบเรียบ,10,ฝ้าฉาบเรียบ,ฉนวน,sub,YG000-13,YS000-51,ฉนวนกันร้อน
1,ruleNo1_7_ฝ้าฉาบเรียบ,11,ฝ้าฉาบเรียบ,ฉนวน,sub,YG000-13,YS000-52,ฉนวนกันเสียง
1,ruleNo1_7_ฝ้าฉาบเรียบ,12,ฝ้าฉาบเรียบ,อุปกรณ์,sub,CG18,,ผ้าฉาบ
1,ruleNo1_7_ฝ้าฉาบเรียบ,13,ฝ้าฉาบเรียบ,อุปกรณ์,sub,CG30,,ปูนฉาบ
1,ruleNo1_7_ฝ้าฉาบเรียบ,14,ฝ้าฉาบเรียบ,อุปกรณ์,sub,CG43,,สีทาฝ้า
1,ruleNo1_7_ฝ้าฉาบเรียบ,15,ฝ้าฉาบเรียบ,อุปกรณ์,sub,CG43,,สีย้อมไม้
1,ruleNo1_7_ฝ้าฉาบเรียบ,16,ฝ้าฉาบเรียบ,อุปกรณ์,sub,CG20,,สกูร
1,ruleNo1_7_ฝ้าฉาบเรียบ,17,ฝ้าฉาบเรียบ,อุปกรณ์,sub,CG18,,ผ้าเทปแปะฉนวน
1,ruleNo1_7_ฝ้าฉาบเรียบ,18,ฝ้าฉาบเรียบ,เครื่องมือ,sub,CG19,,เกียงฉาบ
1,ruleNo1_7_ฝ้าฉาบเรียบ,19,ฝ้าฉาบเรียบ,เครื่องมือ,sub,CG26,,ลูกกลิ้งทาสี
1,ruleNo1_7_ฝ้าฉาบเรียบ,20,ฝ้าฉาบเรียบ,เครื่องมือ,sub,CG27,,อะไหล่ลูกกลิ้งทาสี
1,ruleNo1_7_ฝ้าฉาบเรียบ,21,ฝ้าฉาบเรียบ,เครื่องมือ,sub,CG25,,แปรงทาสี
1,ruleNo1_7_ฝ้าฉาบเรียบ,22,ฝ้าฉาบเรียบ,เครื่องมือ,sub,AS,S15,ปืนยิงกาวยาแนว
1,ruleNo1_7_ฝ้าฉาบเรียบ,23,ฝ้าฉาบเรียบ,เครื่องมือ,sub,EG14,ESG13,อุปกรณ์เครื่องมือช่าง
1,ruleNo1_7_ฝ้าฉาบเรียบ,24,ฝ้าฉาบเรียบ,เครื่องมือ,sub,EG15,ESG13,อุปกรณ์เครื่องมือช่าง
1,ruleNo1_7_ฝ้าฉาบเรียบ,25,ฝ้าฉาบเรียบ,กาวยาแนว,sub,ARC,S22,กาวยาแนวอะคริลิค
1,ruleNo1_7_ฝ้าฉาบเรียบ,26,ฝ้าฉาบเรียบ,กาวยาแนว,sub,ARC,S20,กาวยาแนวอะคริลิค
1,ruleNo1_7_ฝ้าฉาบเรียบ,27,ฝ้าฉาบเรียบ,กาวยาแนว,sub,ARC,S21,กาวยาแนวอะคริลิค
1,ruleNo1_8_ฝ้าฉาบเรียบ,1,ฝ้าฉาบเรียบ,แผ่นฝ้า,main,YG000-05,,ยิปซั่ม 60 x 60
1,ruleNo1_8_ฝ้าฉาบเรียบ,2,ฝ้าฉาบเรียบ,โครงคร่าว,main,CG03,,โครงทีซอย
1,ruleNo1_8_ฝ้าฉาบเรียบ,3,ฝ้าฉาบเรียบ,โครงคร่าว,main,CG04,,โครงทีเมน
1,ruleNo1_8_ฝ้าฉาบเรียบ,4,ฝ้าฉาบเรียบ,ฉนวน,sub,YG000-13,YS000-51,ฉนวนกันร้อน
1,ruleNo1_8_ฝ้าฉาบเรียบ,5,ฝ้าฉาบเรียบ,ฉนวน,sub,YG000-13,YS000-52,ฉนวนกันเสียง
1,ruleNo1_8_ฝ้าฉาบเรียบ,6,ฝ้าฉาบเรียบ,อุปกรณ์,sub,CG18,,ผ้าฉาบ
1,ruleNo1_8_ฝ้าฉาบเรียบ,7,ฝ้าฉาบเรียบ,อุปกรณ์,sub,CG30,,ปูนฉาบ
1,ruleNo1_8_ฝ้าฉาบเรียบ,8,ฝ้าฉาบเรียบ,อุปกรณ์,sub,CG43,,สีทาฝ้า
1,ruleNo1_8_ฝ้าฉาบเรียบ,9,ฝ้าฉาบเรียบ,อุปกรณ์,sub,CG43,,สีย้อมไม้
1,ruleNo1_8_ฝ้าฉาบเรียบ,10,ฝ้าฉาบเรียบ,อุปกรณ์,sub,CG20,,สกูร
1,ruleNo1_8_ฝ้าฉาบเรียบ,11,ฝ้าฉาบเรียบ,อุปกรณ์,sub,CG18,,ผ้าเทปแปะฉนวน
1,ruleNo1_8_ฝ้าฉาบเรียบ,12,ฝ้าฉาบเรียบ,เครื่องมือ,sub,CG19,,เกียงฉาบ
1,ruleNo1_8_ฝ้าฉาบเรียบ,13,ฝ้าฉาบเรียบ,เครื่องมือ,sub,CG26,,ลูกกลิ้งทาสี
1,ruleNo1_8_ฝ้าฉาบเรียบ,14,ฝ้าฉาบเรียบ,เครื่องมือ,sub,CG27,,อะไหล่ลูกกลิ้งทาสี
1,ruleNo1_8_ฝ้าฉาบเรียบ,15,ฝ้าฉาบเรียบ,เครื่องมือ,sub,CG25,,แปรงทาสี
1,ruleNo1_8_ฝ้าฉาบเรียบ,16,ฝ้าฉาบเรียบ,เครื่องมือ,sub,AS,S15,ปืนยิงกาวซิลิโคน
1,ruleNo1_8_ฝ้าฉาบเรียบ,17,ฝ้าฉาบเรียบ,เครื่องมือ,sub,AS,S16,ปืนยิงกาวซิลิโคน
1,ruleNo1_8_ฝ้าฉาบเรียบ,18,ฝ้าฉาบเรียบ,เครื่องมือ,sub,AS,S17,ปืนยิงกาวซิลิโคน
1,ruleNo1_8_ฝ้าฉาบเรียบ,19,ฝ้าฉาบเรียบ,เครื่องมือ,sub,AS,S18,ปืนยิงกาวซิลิโคน
1,ruleNo1_8_ฝ้าฉาบเรียบ,20,ฝ้าฉาบเรียบ,เครื่องมือ,sub,EG14,ESG13,อุปกรณ์เครื่องมือช่าง
1,ruleNo1_8_ฝ้าฉาบเรียบ,21,ฝ้าฉาบเรียบ,เครื่องมือ,sub,EG15,ESG13,อุปกรณ์เครื่องมือช่าง
1,ruleNo1_9_ฝ้าฉาบเรียบ,1,ฝ้าฉาบเรียบ,แผ่นฝ้า,main,YG000-11,,ซีเมนต์บอร์ด
1,ruleNo1_9_ฝ้าฉาบเรียบ,2,ฝ้าฉาบเรียบ,โครงคร่าว,main,CG05,,โครงริม/ฉาก
1,ruleNo1_9_ฝ้าฉาบเรียบ,3,ฝ้าฉาบเรียบ,โครงคร่าว,main,CG07,,โครงริม/ฉาก
1,ruleNo1_9_ฝ้าฉาบเรียบ,4,ฝ้าฉาบเรียบ,โครงคร่าว,main,CG09,,โครงริม/ฉาก
1,ruleNo1_9_ฝ้าฉาบเรียบ,5,ฝ้าฉาบเรียบ,โครงคร่าว,main,CG01,,โครงซีลาย
1,ruleNo1_9_ฝ้าฉาบเรียบ,6,ฝ้าฉาบเรียบ,โครงคร่าว,main,CG06,,โครงซีลาย
1,ruleNo1_9_ฝ้าฉาบเรียบ,7,ฝ้าฉาบเรียบ,โครงคร่าว,main,CG08,,โครงซีลาย
1,ruleNo1_9_ฝ้าฉาบเรียบ,8,ฝ้าฉาบเรียบ,โครงคร่าว,main,CG10,,โครงผนัง ตัวซี/ตัวยู
1,ruleNo1_9_ฝ้าฉาบเรียบ,9,ฝ้าฉาบเรียบ,โครงคร่าว,main,CG11,,ซอยผนัง
1,ruleNo1_9_ฝ้าฉาบเรียบ,10,ฝ้าฉาบเรียบ,ฉนวน,sub,YG000-13,YS000-51,ฉนวนกันร้อน
1,ruleNo1_9_ฝ้าฉาบเรียบ,11,ฝ้าฉาบเรียบ,ฉนวน,sub,YG000-13,YS000-52,ฉนวนกันเสียง
1,ruleNo1_9_ฝ้าฉาบเรียบ,12,ฝ้าฉาบเรียบ,อุปกรณ์,sub,CG18,,ผ้าฉาบ
1,ruleNo1_9_ฝ้าฉาบเรียบ,13,ฝ้าฉาบเรียบ,อุปกรณ์,sub,CG30,,ปูนฉาบ
1,ruleNo1_9_ฝ้าฉาบเรียบ,14,ฝ้าฉาบเรียบ,อุปกรณ์,sub,CG43,,สีทาฝ้า
1,ruleNo1_9_ฝ้าฉาบเรียบ,15,ฝ้าฉาบเรียบ,อุปกรณ์,sub,CG43,,สีย้อมไม้
1,ruleNo1_9_ฝ้าฉาบเรียบ,16,ฝ้าฉาบเรียบ,อุปกรณ์,sub,CG20,,สกูร
1,ruleNo1_9_ฝ้าฉาบเรียบ,17,ฝ้าฉาบเรียบ,อุปกรณ์,sub,CG18,,ผ้าเทปแปะฉนวน
1,ruleNo1_9_ฝ้าฉาบเรียบ,18,ฝ้าฉาบเรียบ,เครื่องมือ,sub,CG19,,เกียงฉาบ
1,ruleNo1_9_ฝ้าฉาบเรียบ,19,ฝ้าฉาบเรียบ,เครื่องมือ,sub,CG26,,ลูกกลิ้งทาสี
1,ruleNo1_9_ฝ้าฉาบเรียบ,20,ฝ้าฉาบเรียบ,เครื่องมือ,sub,CG27,,อะไหล่ลูกกลิ้งทาสี
1,ruleNo1_9_ฝ้าฉาบเรียบ,21,ฝ้าฉาบเรียบ,เครื่องมือ,sub,CG25,,แปรงทาสี
1,ruleNo1_9_ฝ้าฉาบเรียบ,22,ฝ้าฉาบเรียบ,เครื่องมือ,sub,AS,S15,ปืนยิงกาวยาแนว
1,ruleNo1_9_ฝ้าฉาบเรียบ,23,ฝ้าฉาบเรียบ,เครื่องมือ,sub,EG14,ESG13,อุปกรณ์เครื่องมือช่าง
1,ruleNo1_9_ฝ้าฉาบเรียบ,24,ฝ้าฉาบเรียบ,เครื่องมือ,sub,EG15,ESG13,อุปกรณ์เครื่องมือช่าง
1,ruleNo1_9_ฝ้าฉาบเรียบ,25,ฝ้าฉาบเรียบ,กาวยาแนว,sub,ARC,S22,กาวยาแนวอะคริลิค
1,ruleNo1_9_ฝ้าฉาบเรียบ,26,ฝ้าฉาบเรียบ,กาวยาแนว,sub,ARC,S20,กาวยาแนวอะคริลิค
1,ruleNo1_9_ฝ้าฉาบเรียบ,27,ฝ้าฉาบเรียบ,กาวยาแนว,sub,ARC,S21,กาวยาแนวอะคริลิค
1,ruleNo1_10_ฝ้าฉาบเรียบ,1,ฝ้าฉาบเรียบ,แผ่นฝ้า,main,YG000-09,,สมาร์ทบอร์ด
1,ruleNo1_10_ฝ้าฉาบเรียบ,2,ฝ้าฉาบเรียบ,โครงคร่าว,main,CG05,,โครงริม/ฉาก
1,ruleNo1_10_ฝ้าฉาบเรียบ,3,ฝ้าฉาบเรียบ,โครงคร่าว,main,CG07,,โครงริม/ฉาก
1,ruleNo1_10_ฝ้าฉาบเรียบ,4,ฝ้าฉาบเรียบ,โครงคร่าว,main,CG09,,โครงริม/ฉาก
1,ruleNo1_10_ฝ้าฉาบเรียบ,5,ฝ้าฉาบเรียบ,โครงคร่าว,main,CG01,,โครงซีลาย
1,ruleNo1_10_ฝ้าฉาบเรียบ,6,ฝ้าฉาบเรียบ,โครงคร่าว,main,CG06,,โครงซีลาย
1,ruleNo1_10_ฝ้าฉาบเรียบ,7,ฝ้าฉาบเรียบ,โครงคร่าว,main,CG08,,โครงซีลาย
1,ruleNo1_10_ฝ้าฉาบเรียบ,8,ฝ้าฉาบเรียบ,โครงคร่าว,main,CG10,,โครงผนัง ตัวซี/ตัวยู
1,ruleNo1_10_ฝ้าฉาบเรียบ,9,ฝ้าฉาบเรียบ,โครงคร่าว,main,CG11,,ซอยผนัง
1,ruleNo1_10_ฝ้าฉาบเรียบ,10,ฝ้าฉาบเรียบ,ฉนวน,sub,YG000-13,YS000-51,ฉนวนกันร้อน
1,ruleNo1_10_ฝ้าฉาบเรียบ,11,ฝ้าฉาบเรียบ,ฉนวน,sub,YG000-13,YS000-52,ฉนวนกันเสียง
1,ruleNo1_10_ฝ้าฉาบเรียบ,12,ฝ้าฉาบเรียบ,อุปกรณ์,sub,CG18,,ผ้าฉาบ
1,ruleNo1_10_ฝ้าฉาบเรียบ,13,ฝ้าฉาบเรียบ,อุปกรณ์,sub,CG30,,ปูนฉาบ
1,ruleNo1_10_ฝ้าฉาบเรียบ,14,ฝ้าฉาบเรียบ,อุปกรณ์,sub,CG43,,สีทาฝ้า
1,ruleNo1_10_ฝ้าฉาบเรียบ,15,ฝ้าฉาบเรียบ,อุปกรณ์,sub,CG43,,สีย้อมไม้
1,ruleNo1_10_ฝ้าฉาบเรียบ,16,ฝ้าฉาบเรียบ,อุปกรณ์,sub,CG20,,สกูร
1,ruleNo1_10_ฝ้าฉาบเรียบ,17,ฝ้าฉาบเรียบ,อุปกรณ์,sub,CG18,,ผ้าเทปแปะฉนวน
1,ruleNo1_10_ฝ้าฉาบเรียบ,18,ฝ้าฉาบเรียบ,เครื่องมือ,sub,CG19,,เกียงฉาบ
1,ruleNo1_10_ฝ้าฉาบเรียบ,19,ฝ้าฉาบเรียบ,เครื่องมือ,sub,CG26,,ลูกกลิ้งทาสี
1,ruleNo1_10_ฝ้าฉาบเรียบ,20,ฝ้าฉาบเรียบ,เครื่องมือ,sub,CG27,,อะไหล่ลูกกลิ้งทาสี
1,ruleNo1_10_ฝ้าฉาบเรียบ,21,ฝ้าฉาบเรียบ,เครื่องมือ,sub,CG25,,แปรงทาสี
1,ruleNo1_10_ฝ้าฉาบเรียบ,22,ฝ้าฉาบเรียบ,เครื่องมือ,sub,AS,S15,ปืนยิงกาวยาแนว
1,ruleNo1_10_ฝ้าฉาบเรียบ,23,ฝ้าฉาบเรียบ,เครื่องมือ,sub,EG14,ESG13,อุปกรณ์เครื่องมือช่าง
1,ruleNo1_10_ฝ้าฉาบเรียบ,24,ฝ้าฉาบเรียบ,เครื่องมือ,sub,EG15,ESG13,อุปกรณ์เครื่องมือช่าง
1,ruleNo1_10_ฝ้าฉาบเรียบ,25,ฝ้าฉาบเรียบ,กาวยาแนว,sub,ARC,S22,กาวยาแนวอะคริลิค
1,ruleNo1_10_ฝ้าฉาบเรียบ,26,ฝ้าฉาบเรียบ,กาวยาแนว,sub,ARC,S20,กาวยาแนวอะคริลิค
1,ruleNo1_10_ฝ้าฉาบเรียบ,27,ฝ้าฉาบเรียบ,กาวยาแนว,sub,ARC,S21,กาวยาแนวอะคริลิค
1,ruleNo1_11_ฝ้าฉาบเรียบ,1,ฝ้าฉาบเรียบ,แผ่นฝ้า,main,YG000-10,,สมาร์ทบอร์ด
1,ruleNo1_11_ฝ้าฉาบเรียบ,2,ฝ้าฉาบเรียบ,โครงคร่าว,main,CG05,,โครงริม/ฉาก
1,ruleNo1_11_ฝ้าฉาบเรียบ,3,ฝ้าฉาบเรียบ,โครงคร่าว,main,CG07,,โครงริม/ฉาก
1,ruleNo1_11_ฝ้าฉาบเรียบ,4,ฝ้าฉาบเรียบ,โครงคร่าว,main,CG09,,โครงริม/ฉาก
1,ruleNo1_11_ฝ้าฉาบเรียบ,5,ฝ้าฉาบเรียบ,โครงคร่าว,main,CG01,,โครงซีลาย
1,ruleNo1_11_ฝ้าฉาบเรียบ,6,ฝ้าฉาบเรียบ,โครงคร่าว,main,CG06,,โครงซีลาย
1,ruleNo1_11_ฝ้าฉาบเรียบ,7,ฝ้าฉาบเรียบ,โครงคร่าว,main,CG08,,โครงซีลาย
1,ruleNo1_11_ฝ้าฉาบเรียบ,8,ฝ้าฉาบเรียบ,โครงคร่าว,main,CG10,,โครงผนัง ตัวซี/ตัวยู
1,ruleNo1_11_ฝ้าฉาบเรียบ,9,ฝ้าฉาบเรียบ,โครงคร่าว,main,CG11,,ซอยผนัง
1,ruleNo1_11_ฝ้าฉาบเรียบ,10,ฝ้าฉาบเรียบ,ฉนวน,sub,YG000-13,YS000-51,ฉนวนกันร้อน
1,ruleNo1_11_ฝ้าฉาบเรียบ,11,ฝ้าฉาบเรียบ,ฉนวน,sub,YG000-13,YS000-52,ฉนวนกันเสียง
1,ruleNo1_11_ฝ้าฉาบเรียบ,12,ฝ้าฉาบเรียบ,อุปกรณ์,sub,CG18,,ผ้าฉาบ
1,ruleNo1_11_ฝ้าฉาบเรียบ,13,ฝ้าฉาบเรียบ,อุปกรณ์,sub,CG30,,ปูนฉาบ
1,ruleNo1_11_ฝ้าฉาบเรียบ,14,ฝ้าฉาบเรียบ,อุปกรณ์,sub,CG43,,สีทาฝ้า
1,ruleNo1_11_ฝ้าฉาบเรียบ,15,ฝ้าฉาบเรียบ,อุปกรณ์,sub,CG43,,สีย้อมไม้
1,ruleNo1_11_ฝ้าฉาบเรียบ,16,ฝ้าฉาบเรียบ,อุปกรณ์,sub,CG20,,สกูร
1,ruleNo1_11_ฝ้าฉาบเรียบ,17,ฝ้าฉาบเรียบ,อุปกรณ์,sub,CG18,,ผ้าเทปแปะฉนวน
1,ruleNo1_11_ฝ้าฉาบเรียบ,18,ฝ้าฉาบเรียบ,เครื่องมือ,sub,CG19,,เกียงฉาบ
1,ruleNo1_11_ฝ้าฉาบเรียบ,19,ฝ้าฉาบเรียบ,เครื่องมือ,sub,CG26,,ลูกกลิ้งทาสี
1,ruleNo1_11_ฝ้าฉาบเรียบ,20,ฝ้าฉาบเรียบ,เครื่องมือ,sub,CG27,,อะไหล่ลูกกลิ้งทาสี
1,ruleNo1_11_ฝ้าฉาบเรียบ,21,ฝ้าฉาบเรียบ,เครื่องมือ,sub,CG25,,แปรงทาสี
1,ruleNo1_11_ฝ้าฉาบเรียบ,22,ฝ้าฉาบเรียบ,เครื่องมือ,sub,AS,S15,ปืนยิงกาวยาแนว
1,ruleNo1_11_ฝ้าฉาบเรียบ,23,ฝ้าฉาบเรียบ,เครื่องมือ,sub,EG14,ESG13,อุปกรณ์เครื่องมือช่าง
1,ruleNo1_11_ฝ้าฉาบเรียบ,24,ฝ้าฉาบเรียบ,เครื่องมือ,sub,EG15,ESG13,อุปกรณ์เครื่องมือช่าง
1,ruleNo1_11_ฝ้าฉาบเรียบ,25,ฝ้าฉาบเรียบ,กาวยาแนว,sub,ARC,S22,กาวยาแนวอะคริลิค
1,ruleNo1_11_ฝ้าฉาบเรียบ,26,ฝ้าฉาบเรียบ,กาวยาแนว,sub,ARC,S20,กาวยาแนวอะคริลิค
1,ruleNo1_11_ฝ้าฉาบเรียบ,27,ฝ้าฉาบเรียบ,กาวยาแนว,sub,ARC,S21,กาวยาแนวอะคริลิค
1,ruleNo1_12_โครงคร่าวฝ้าฉาบเรียบ,1,โครงคร่าวฝ้าฉาบเรียบ,โครงคร่าว,main,CG05,,โครงริม/ฉาก
1,ruleNo1_12_โครงคร่าวฝ้าฉาบเรียบ,2,โครงคร่าวฝ้าฉาบเรียบ,แผ่นฝ้า,main,YG000-01,,ยิปซัม 120 x 240
1,ruleNo1_12_โครงคร่าวฝ้าฉาบเรียบ,3,โครงคร่าวฝ้าฉาบเรียบ,แผ่นฝ้า,main,YG000-02,,ยิปซัม 120 x 240
1,ruleNo1_12_โครงคร่าวฝ้าฉาบเรียบ,4,โครงคร่าวฝ้าฉาบเรียบ,แผ่นฝ้า,main,YG000-03,,ยิปซัม 120 x 240
1,ruleNo1_12_โครงคร่าวฝ้าฉาบเรียบ,5,โครงคร่าวฝ้าฉาบเรียบ,แผ่นฝ้า,main,YG000-04,,ยิปซัม 120 x 240
1,ruleNo1_12_โครงคร่าวฝ้าฉาบเรียบ,6,โครงคร่าวฝ้าฉาบเรียบ,แผ่นฝ้า,main,YG000-11,,ซีเมนต์บอร์ด
1,ruleNo1_12_โครงคร่าวฝ้าฉาบเรียบ,7,โครงคร่าวฝ้าฉาบเรียบ,แผ่นฝ้า,main,YG000-09,,สมาร์ทบอร์ด
1,ruleNo1_12_โครงคร่าวฝ้าฉาบเรียบ,8,โครงคร่าวฝ้าฉาบเรียบ,แผ่นฝ้า,main,YG000-10,,สมาร์ทบอร์ด
1,ruleNo1_12_โครงคร่าวฝ้าฉาบเรียบ,9,โครงคร่าวฝ้าฉาบเรียบ,อุปกรณ์,sub,CG35,,ลวดแขวนท่อนบน
1,ruleNo1_12_โครงคร่าวฝ้าฉาบเรียบ,10,โครงคร่าวฝ้าฉาบเรียบ,อุปกรณ์,sub,CG34,,สปริงล็อก
1,ruleNo1_12_โครงคร่าวฝ้าฉาบเรียบ,11,โครงคร่าวฝ้าฉาบเรียบ,อุปกรณ์,sub,CG36,,ฉากยึดท้องพื้น
1,ruleNo1_12_โครงคร่าวฝ้าฉาบเรียบ,12,โครงคร่าวฝ้าฉาบเรียบ,อุปกรณ์,sub,CG20,CS034,พุกเหล็ก
1,ruleNo1_12_โครงคร่าวฝ้าฉาบเรียบ,13,โครงคร่าวฝ้าฉาบเรียบ,เครื่องมือ,sub,EG14,ESG13,อุปกรณ์เครื่องมือช่าง
1,ruleNo1_12_โครงคร่าวฝ้าฉาบเรียบ,14,โครงคร่าวฝ้าฉาบเรียบ,เครื่องมือ,sub,EG15,ESG13,อุปกรณ์เครื่องมือช่าง
1,ruleNo1_13_โครงคร่าวฝ้าฉาบเรียบ,1,โครงคร่าวฝ้าฉาบเรียบ,โครงคร่าว,main,CG07,,โครงริม/ฉาก
1,ruleNo1_13_โครงคร่าวฝ้าฉาบเรียบ,2,โครงคร่าวฝ้าฉาบเรียบ,แผ่นฝ้า,main,YG000-01,,ยิปซัม 120 x 240
1,ruleNo1_13_โครงคร่าวฝ้าฉาบเรียบ,3,โครงคร่าวฝ้าฉาบเรียบ,แผ่นฝ้า,main,YG000-02,,ยิปซัม 120 x 240
1,ruleNo1_13_โครงคร่าวฝ้าฉาบเรียบ,4,โครงคร่าวฝ้าฉาบเรียบ,แผ่นฝ้า,main,YG000-03,,ยิปซัม 120 x 240
1,ruleNo1_13_โครงคร่าวฝ้าฉาบเรียบ,5,โครงคร่าวฝ้าฉาบเรียบ,แผ่นฝ้า,main,YG000-04,,ยิปซัม 120 x 240
1,ruleNo1_13_โครงคร่าวฝ้าฉาบเรียบ,6,โครงคร่าวฝ้าฉาบเรียบ,แผ่นฝ้า,main,YG000-11,,ซีเมนต์บอร์ด
1,ruleNo1_13_โครงคร่าวฝ้าฉาบเรียบ,7,โครงคร่าวฝ้าฉาบเรียบ,แผ่นฝ้า,main,YG000-09,,สมาร์ทบอร์ด
1,ruleNo1_13_โครงคร่าวฝ้าฉาบเรียบ,8,โครงคร่าวฝ้าฉาบเรียบ,แผ่นฝ้า,main,YG000-10,,สมาร์ทบอร์ด
1,ruleNo1_13_โครงคร่าวฝ้าฉาบเรียบ,9,โครงคร่าวฝ้าฉาบเรียบ,อุปกรณ์,sub,CG35,,ลวดแขวนท่อนบน
1,ruleNo1_13_โครงคร่าวฝ้าฉาบเรียบ,10,โครงคร่าวฝ้าฉาบเรียบ,อุปกรณ์,sub,CG34,,สปริงล็อก
1,ruleNo1_13_โครงคร่าวฝ้าฉาบเรียบ,11,โครงคร่าวฝ้าฉาบเรียบ,อุปกรณ์,sub,CG36,,ฉากยึดท้องพื้น
1,ruleNo1_13_โครงคร่าวฝ้าฉาบเรียบ,12,โครงคร่าวฝ้าฉาบเรียบ,อุปกรณ์,sub,CG20,CS034,พุกเหล็ก
1,ruleNo1_13_โครงคร่าวฝ้าฉาบเรียบ,13,โครงคร่าวฝ้าฉาบเรียบ,เครื่องมือ,sub,EG14,ESG13,อุปกรณ์เครื่องมือช่าง
1,ruleNo1_13_โครงคร่าวฝ้าฉาบเรียบ,14,โครงคร่าวฝ้าฉาบเรียบ,เครื่องมือ,sub,EG15,ESG13,อุปกรณ์เครื่องมือช่าง
1,ruleNo1_14_โครงคร่าวฝ้าฉาบเรียบ,1,โครงคร่าวฝ้าฉาบเรียบ,โครงคร่าว,main,CG08,,โครงริม/ฉาก
1,ruleNo1_14_โครงคร่าวฝ้าฉาบเรียบ,2,โครงคร่าวฝ้าฉาบเรียบ,แผ่นฝ้า,main,YG000-01,,ยิปซัม 120 x 240
1,ruleNo1_14_โครงคร่าวฝ้าฉาบเรียบ,3,โครงคร่าวฝ้าฉาบเรียบ,แผ่นฝ้า,main,YG000-02,,ยิปซัม 120 x 240
1,ruleNo1_14_โครงคร่าวฝ้าฉาบเรียบ,4,โครงคร่าวฝ้าฉาบเรียบ,แผ่นฝ้า,main,YG000-03,,ยิปซัม 120 x 240
1,ruleNo1_14_โครงคร่าวฝ้าฉาบเรียบ,5,โครงคร่าวฝ้าฉาบเรียบ,แผ่นฝ้า,main,YG000-04,,ยิปซัม 120 x 240
1,ruleNo1_14_โครงคร่าวฝ้าฉาบเรียบ,6,โครงคร่าวฝ้าฉาบเรียบ,แผ่นฝ้า,main,YG000-11,,ซีเมนต์บอร์ด
1,ruleNo1_14_โครงคร่าวฝ้าฉาบเรียบ,7,โครงคร่าวฝ้าฉาบเรียบ,แผ่นฝ้า,main,YG000-09,,สมาร์ทบอร์ด
1,ruleNo1_14_โครงคร่าวฝ้าฉาบเรียบ,8,โครงคร่าวฝ้าฉาบเรียบ,แผ่นฝ้า,main,YG000-10,,สมาร์ทบอร์ด
1,ruleNo1_14_โครงคร่าวฝ้าฉาบเรียบ,9,โครงคร่าวฝ้าฉาบเรียบ,อุปกรณ์,sub,CG35,,ลวดแขวนท่อนบน
1,ruleNo1_14_โครงคร่าวฝ้าฉาบเรียบ,10,โครงคร่าวฝ้าฉาบเรียบ,อุปกรณ์,sub,CG34,,สปริงล็อก
1,ruleNo1_14_โครงคร่าวฝ้าฉาบเรียบ,11,โครงคร่าวฝ้าฉาบเรียบ,อุปกรณ์,sub,CG36,,ฉากยึดท้องพื้น
1,ruleNo1_14_โครงคร่าวฝ้าฉาบเรียบ,12,โครงคร่าวฝ้าฉาบเรียบ,อุปกรณ์,sub,CG20,CS034,พุกเหล็ก
1,ruleNo1_14_โครงคร่าวฝ้าฉาบเรียบ,13,โครงคร่าวฝ้าฉาบเรียบ,เครื่องมือ,sub,EG14,ESG13,อุปกรณ์เครื่องมือช่าง
1,ruleNo1_14_โครงคร่าวฝ้าฉาบเรียบ,14,โครงคร่าวฝ้าฉาบเรียบ,เครื่องมือ,sub,EG15,ESG13,อุปกรณ์เครื่องมือช่าง
1,ruleNo1_15_โครงคร่าวฝ้าฉาบเรียบ,1,โครงคร่าวฝ้าฉาบเรียบ,โครงคร่าว,main,CG09,,โครงริม/ฉาก
1,ruleNo1_15_โครงคร่าวฝ้าฉาบเรียบ,2,โครงคร่าวฝ้าฉาบเรียบ,แผ่นฝ้า,main,YG000-01,,ยิปซัม 120 x 240
1,ruleNo1_15_โครงคร่าวฝ้าฉาบเรียบ,3,โครงคร่าวฝ้าฉาบเรียบ,แผ่นฝ้า,main,YG000-02,,ยิปซัม 120 x 240
1,ruleNo1_15_โครงคร่าวฝ้าฉาบเรียบ,4,โครงคร่าวฝ้าฉาบเรียบ,แผ่นฝ้า,main,YG000-03,,ยิปซัม 120 x 240
1,ruleNo1_15_โครงคร่าวฝ้าฉาบเรียบ,5,โครงคร่าวฝ้าฉาบเรียบ,แผ่นฝ้า,main,YG000-04,,ยิปซัม 120 x 240
1,ruleNo1_15_โครงคร่าวฝ้าฉาบเรียบ,6,โครงคร่าวฝ้าฉาบเรียบ,แผ่นฝ้า,main,YG000-11,,ซีเมนต์บอร์ด
1,ruleNo1_15_โครงคร่าวฝ้าฉาบเรียบ,7,โครงคร่าวฝ้าฉาบเรียบ,แผ่นฝ้า,main,YG000-09,,สมาร์ทบอร์ด
1,ruleNo1_15_โครงคร่าวฝ้าฉาบเรียบ,8,โครงคร่าวฝ้าฉาบเรียบ,แผ่นฝ้า,main,YG000-10,,สมาร์ทบอร์ด
1,ruleNo1_15_โครงคร่าวฝ้าฉาบเรียบ,9,โครงคร่าวฝ้าฉาบเรียบ,อุปกรณ์,sub,CG35,,ลวดแขวนท่อนบน
1,ruleNo1_15_โครงคร่าวฝ้าฉาบเรียบ,10,โครงคร่าวฝ้าฉาบเรียบ,อุปกรณ์,sub,CG34,,สปริงล็อก
1,ruleNo1_15_โครงคร่าวฝ้าฉาบเรียบ,11,โครงคร่าวฝ้าฉาบเรียบ,อุปกรณ์,sub,CG36,,ฉากยึดท้องพื้น
1,ruleNo1_15_โครงคร่าวฝ้าฉาบเรียบ,12,โครงคร่าวฝ้าฉาบเรียบ,อุปกรณ์,sub,CG20,CS034,พุกเหล็ก
1,ruleNo1_15_โครงคร่าวฝ้าฉาบเรียบ,13,โครงคร่าวฝ้าฉาบเรียบ,เครื่องมือ,sub,EG14,ESG13,อุปกรณ์เครื่องมือช่าง
1,ruleNo1_15_โครงคร่าวฝ้าฉาบเรียบ,14,โครงคร่าวฝ้าฉาบเรียบ,เครื่องมือ,sub,EG15,ESG13,อุปกรณ์เครื่องมือช่าง
1,ruleNo1_16_โครงคร่าวฝ้าฉาบเรียบ,1,โครงคร่าวฝ้าฉาบเรียบ,โครงคร่าว,main,CG01,,โครงซีลาย
1,ruleNo1_16_โครงคร่าวฝ้าฉาบเรียบ,2,โครงคร่าวฝ้าฉาบเรียบ,แผ่นฝ้า,main,YG000-01,,ยิปซัม 120 x 240
1,ruleNo1_16_โครงคร่าวฝ้าฉาบเรียบ,3,โครงคร่าวฝ้าฉาบเรียบ,แผ่นฝ้า,main,YG000-02,,ยิปซัม 120 x 240
1,ruleNo1_16_โครงคร่าวฝ้าฉาบเรียบ,4,โครงคร่าวฝ้าฉาบเรียบ,แผ่นฝ้า,main,YG000-03,,ยิปซัม 120 x 240
1,ruleNo1_16_โครงคร่าวฝ้าฉาบเรียบ,5,โครงคร่าวฝ้าฉาบเรียบ,แผ่นฝ้า,main,YG000-04,,ยิปซัม 120 x 240
1,ruleNo1_16_โครงคร่าวฝ้าฉาบเรียบ,6,โครงคร่าวฝ้าฉาบเรียบ,แผ่นฝ้า,main,YG000-11,,ซีเมนต์บอร์ด
1,ruleNo1_16_โครงคร่าวฝ้าฉาบเรียบ,7,โครงคร่าวฝ้าฉาบเรียบ,แผ่นฝ้า,main,YG000-09,,สมาร์ทบอร์ด
1,ruleNo1_16_โครงคร่าวฝ้าฉาบเรียบ,8,โครงคร่าวฝ้าฉาบเรียบ,แผ่นฝ้า,main,YG000-10,,สมาร์ทบอร์ด
1,ruleNo1_16_โครงคร่าวฝ้าฉาบเรียบ,9,โครงคร่าวฝ้าฉาบเรียบ,อุปกรณ์,sub,CG35,,ลวดแขวนท่อนบน
1,ruleNo1_16_โครงคร่าวฝ้าฉาบเรียบ,10,โครงคร่าวฝ้าฉาบเรียบ,อุปกรณ์,sub,CG34,,สปริงล็อก
1,ruleNo1_16_โครงคร่าวฝ้าฉาบเรียบ,11,โครงคร่าวฝ้าฉาบเรียบ,อุปกรณ์,sub,CG36,,ฉากยึดท้องพื้น
1,ruleNo1_16_โครงคร่าวฝ้าฉาบเรียบ,12,โครงคร่าวฝ้าฉาบเรียบ,อุปกรณ์,sub,CG20,CS034,พุกเหล็ก
1,ruleNo1_16_โครงคร่าวฝ้าฉาบเรียบ,13,โครงคร่าวฝ้าฉาบเรียบ,เครื่องมือ,sub,EG14,ESG13,อุปกรณ์เครื่องมือช่าง
1,ruleNo1_16_โครงคร่าวฝ้าฉาบเรียบ,14,โครงคร่าวฝ้าฉาบเรียบ,เครื่องมือ,sub,EG15,ESG13,อุปกรณ์เครื่องมือช่าง
1,ruleNo1_17_โครงคร่าวฝ้าฉาบเรียบ,1,โครงคร่าวฝ้าฉาบเรียบ,โครงคร่าว,main,CG06,,โครงซีลาย
1,ruleNo1_17_โครงคร่าวฝ้าฉาบเรียบ,2,โครงคร่าวฝ้าฉาบเรียบ,แผ่นฝ้า,main,YG000-01,,ยิปซัม 120 x 240
1,ruleNo1_17_โครงคร่าวฝ้าฉาบเรียบ,3,โครงคร่าวฝ้าฉาบเรียบ,แผ่นฝ้า,main,YG000-02,,ยิปซัม 120 x 240
1,ruleNo1_17_โครงคร่าวฝ้าฉาบเรียบ,4,โครงคร่าวฝ้าฉาบเรียบ,แผ่นฝ้า,main,YG000-03,,ยิปซัม 120 x 240
1,ruleNo1_17_โครงคร่าวฝ้าฉาบเรียบ,5,โครงคร่าวฝ้าฉาบเรียบ,แผ่นฝ้า,main,YG000-04,,ยิปซัม 120 x 240
1,ruleNo1_17_โครงคร่าวฝ้าฉาบเรียบ,6,โครงคร่าวฝ้าฉาบเรียบ,แผ่นฝ้า,main,YG000-11,,ซีเมนต์บอร์ด
1,ruleNo1_17_โครงคร่าวฝ้าฉาบเรียบ,7,โครงคร่าวฝ้าฉาบเรียบ,แผ่นฝ้า,main,YG000-09,,สมาร์ทบอร์ด
1,ruleNo1_17_โครงคร่าวฝ้าฉาบเรียบ,8,โครงคร่าวฝ้าฉาบเรียบ,แผ่นฝ้า,main,YG000-10,,สมาร์ทบอร์ด
1,ruleNo1_17_โครงคร่าวฝ้าฉาบเรียบ,9,โครงคร่าวฝ้าฉาบเรียบ,อุปกรณ์,sub,CG35,,ลวดแขวนท่อนบน
1,ruleNo1_17_โครงคร่าวฝ้าฉาบเรียบ,10,โครงคร่าวฝ้าฉาบเรียบ,อุปกรณ์,sub,CG34,,สปริงล็อก
1,ruleNo1_17_โครงคร่าวฝ้าฉาบเรียบ,11,โครงคร่าวฝ้าฉาบเรียบ,อุปกรณ์,sub,CG36,,ฉากยึดท้องพื้น
1,ruleNo1_17_โครงคร่าวฝ้าฉาบเรียบ,12,โครงคร่าวฝ้าฉาบเรียบ,อุปกรณ์,sub,CG20,CS034,พุกเหล็ก
1,ruleNo1_17_โครงคร่าวฝ้าฉาบเรียบ,13,โครงคร่าวฝ้าฉาบเรียบ,เครื่องมือ,sub,EG14,ESG13,อุปกรณ์เครื่องมือช่าง
1,ruleNo1_17_โครงคร่าวฝ้าฉาบเรียบ,14,โครงคร่าวฝ้าฉาบเรียบ,เครื่องมือ,sub,EG15,ESG13,อุปกรณ์เครื่องมือช่าง
1,ruleNo1_18_โครงคร่าวฝ้าฉาบเรียบ,1,โครงคร่าวฝ้าฉาบเรียบ,โครงคร่าว,main,CG08,,โครงซีลาย
1,ruleNo1_18_โครงคร่าวฝ้าฉาบเรียบ,2,โครงคร่าวฝ้าฉาบเรียบ,แผ่นฝ้า,main,YG000-01,,ยิปซัม 120 x 240
1,ruleNo1_18_โครงคร่าวฝ้าฉาบเรียบ,3,โครงคร่าวฝ้าฉาบเรียบ,แผ่นฝ้า,main,YG000-02,,ยิปซัม 120 x 240
1,ruleNo1_18_โครงคร่าวฝ้าฉาบเรียบ,4,โครงคร่าวฝ้าฉาบเรียบ,แผ่นฝ้า,main,YG000-03,,ยิปซัม 120 x 240
1,ruleNo1_18_โครงคร่าวฝ้าฉาบเรียบ,5,โครงคร่าวฝ้าฉาบเรียบ,แผ่นฝ้า,main,YG000-04,,ยิปซัม 120 x 240
1,ruleNo1_18_โครงคร่าวฝ้าฉาบเรียบ,6,โครงคร่าวฝ้าฉาบเรียบ,แผ่นฝ้า,main,YG000-11,,ซีเมนต์บอร์ด
1,ruleNo1_18_โครงคร่าวฝ้าฉาบเรียบ,7,โครงคร่าวฝ้าฉาบเรียบ,แผ่นฝ้า,main,YG000-09,,สมาร์ทบอร์ด
1,ruleNo1_18_โครงคร่าวฝ้าฉาบเรียบ,8,โครงคร่าวฝ้าฉาบเรียบ,แผ่นฝ้า,main,YG000-10,,สมาร์ทบอร์ด
1,ruleNo1_18_โครงคร่าวฝ้าฉาบเรียบ,9,โครงคร่าวฝ้าฉาบเรียบ,อุปกรณ์,sub,CG35,,ลวดแขวนท่อนบน
1,ruleNo1_18_โครงคร่าวฝ้าฉาบเรียบ,10,โครงคร่าวฝ้าฉาบเรียบ,อุปกรณ์,sub,CG34,,สปริงล็อก
1,ruleNo1_18_โครงคร่าวฝ้าฉาบเรียบ,11,โครงคร่าวฝ้าฉาบเรียบ,อุปกรณ์,sub,CG36,,ฉากยึดท้องพื้น
1,ruleNo1_18_โครงคร่าวฝ้าฉาบเรียบ,12,โครงคร่าวฝ้าฉาบเรียบ,อุปกรณ์,sub,CG20,CS034,พุกเหล็ก
1,ruleNo1_18_โครงคร่าวฝ้าฉาบเรียบ,13,โครงคร่าวฝ้าฉาบเรียบ,เครื่องมือ,sub,EG14,ESG13,อุปกรณ์เครื่องมือช่าง
1,ruleNo1_18_โครงคร่าวฝ้าฉาบเรียบ,14,โครงคร่าวฝ้าฉาบเรียบ,เครื่องมือ,sub,EG15,ESG13,อุปกรณ์เครื่องมือช่าง
6,ruleNo6_1_บานเลื่อน,1,บานเลื่อน Euro,อลูมิเนียม,main,AG000-02,AS000-004,ชุดบานเลื่อน Euro
6,ruleNo6_1_บานเลื่อนEuro,2,บานเลื่อน Euro,อลูมิเนียม,sub,,,รับล็อค/ หมุดล็อค
6,ruleNo6_1_บานเลื่อนEuro,3,บานเลื่อน Euro,อลูมิเนียม,sub,,,ตัวที
6,ruleNo6_1_บานเลื่อนEuro,4,บานเลื่อน Euro,อลูมิเนียม,sub,,,สกูร/รีเวต
6,ruleNo6_1_บานเลื่อนEuro,5,บานเลื่อน Euro,อลูมิเนียม,sub,,,ฝาปิดรูระบายน้ำเข้า/ออก
6,ruleNo6_1_บานเลื่อนEuro,6,บานเลื่อน Euro,อลูมิเนียม,sub,,,ฝาปิดรางล้อ/ ฝาปิดเสา
6,ruleNo6_1_บานเลื่อนEuro,7,บานเลื่อน Euro,กาวยาแนว,sub,SIL,S01,กาวยาแนวซิลิโคนมีกรด
6,ruleNo6_1_บานเลื่อนEuro,8,บานเลื่อน Euro,กาวยาแนว,sub,SIL,S02,กาวยาแนวซิลิโคนมีกรด
6,ruleNo6_1_บานเลื่อนEuro,9,บานเลื่อน Euro,กาวยาแนว,sub,SIL,S03,กาวยาแนวซิลิโคนไม่มีกรด
6,ruleNo6_1_บานเลื่อนEuro,10,บานเลื่อน Euro,กาวยาแนว,sub,SIL,S04,กาวยาแนวซิลิโคนไม่มีกรด
6,ruleNo6_1_บานเลื่อนEuro,11,บานเลื่อน Euro,กาวยาแนว,sub,ARC,S22,กาวยาแนวอะคริลิค
6,ruleNo6_1_บานเลื่อนEuro,12,บานเลื่อน Euro,กาวยาแนว,sub,ARC,S20,กาวยาแนวอะคริลิค
6,ruleNo6_1_บานเลื่อนEuro,13,บานเลื่อน Euro,กาวยาแนว,sub,ARC,S21,กาวยาแนวอะคริลิค
6,ruleNo6_1_บานเลื่อนEuro,14,บานเลื่อน Euro,อุปกรณ์,sub,EG04,,มือจับ
6,ruleNo6_1_บานเลื่อนEuro,15,บานเลื่อน Euro,อุปกรณ์,sub,EG01,,ยางอัด/สักหลาด
6,ruleNo6_2_บานกระทุ้งEuro,1,บานกระทุ้ง Euro,อลูมิเนียม,main,AG000-04,AS000-004,ชุดบานกระทุ้ง/บานเปิด Euro
6,ruleNo6_2_บานกระทุ้งEuro,2,บานกระทุ้ง Euro,อลูมิเนียม,sub,,,รับล็อค/ หมุดล็อค
6,ruleNo6_2_บานกระทุ้งEuro,3,บานกระทุ้ง Euro,อลูมิเนียม,sub,,,ฝาปิดรูระบายน้ำเข้า/ออก
6,ruleNo6_2_บานกระทุ้งEuro,4,บานกระทุ้ง Euro,อลูมิเนียม,sub,,,สกูร/รีเวต
6,ruleNo6_2_บานกระทุ้งEuro,5,บานกระทุ้ง Euro,อลูมิเนียม,sub,EG08,,บานพับ
6,ruleNo6_2_บานกระทุ้งEuro,6,บานกระทุ้ง Euro,อลูมิเนียม,sub,EG05,,ไส้กุญแจ/ รับล็อค/ ตลับกุญแจ
6,ruleNo6_2_บานกระทุ้งEuro,7,บานกระทุ้ง Euro,อลูมิเนียม,sub,,,ก้านสไลด์/ ตัวที
6,ruleNo6_2_บานกระทุ้งEuro,8,บานกระทุ้ง Euro,กาวยาแนว,sub,SIL,S01,กาวยาแนวซิลิโคนมีกรด
6,ruleNo6_2_บานกระทุ้งEuro,9,บานกระทุ้ง Euro,กาวยาแนว,sub,SIL,S02,กาวยาแนวซิลิโคนมีกรด
6,ruleNo6_2_บานกระทุ้งEuro,10,บานกระทุ้ง Euro,กาวยาแนว,sub,SIL,S03,กาวยาแนวซิลิโคนไม่มีกรด
6,ruleNo6_2_บานกระทุ้งEuro,11,บานกระทุ้ง Euro,กาวยาแนว,sub,SIL,S04,กาวยาแนวซิลิโคนไม่มีกรด
6,ruleNo6_2_บานกระทุ้งEuro,12,บานกระทุ้ง Euro,กาวยาแนว,sub,ARC,S22,กาวยาแนวอะคริลิค
6,ruleNo6_2_บานกระทุ้งEuro,13,บานกระทุ้ง Euro,กาวยาแนว,sub,ARC,S20,กาวยาแนวอะคริลิค
6,ruleNo6_2_บานกระทุ้งEuro,14,บานกระทุ้ง Euro,กาวยาแนว,sub,ARC,S21,กาวยาแนวอะคริลิค
6,ruleNo6_2_บานกระทุ้งEuro,15,บานกระทุ้ง Euro,อุปกรณ์,sub,EG04,,มือจับ
6,ruleNo6_2_บานกระทุ้งEuro,16,บานกระทุ้ง Euro,อุปกรณ์,sub,EG01,,ยางอัด/สักหลาด
6,ruleNo6_3_บานเลื่อนECO,1,บานเลื่อน ECO,อลูมิเนียม,main,AG000-02,AS000-005,ชุดบานเลื่อน ECO
6,ruleNo6_3_บานเลื่อนECO,2,บานเลื่อน ECO,อลูมิเนียม,sub,,,ล็อคกลางบาน
6,ruleNo6_3_บานเลื่อนECO,3,บานเลื่อน ECO,อลูมิเนียม,sub,EG03,,ลูกล้อประตู/หน้าต่าง
6,ruleNo6_3_บานเลื่อนECO,4,บานเลื่อน ECO,อลูมิเนียม,sub,,,สกูร/รีเวต
6,ruleNo6_3_บานเลื่อนECO,5,บานเลื่อน ECO,อลูมิเนียม,sub,,,ยางกันชน
6,ruleNo6_3_บานเลื่อนECO,6,บานเลื่อน ECO,กาวยาแนว,sub,SIL,S01,กาวยาแนวซิลิโคนมีกรด
6,ruleNo6_3_บานเลื่อนECO,7,บานเลื่อน ECO,กาวยาแนว,sub,SIL,S02,กาวยาแนวซิลิโคนมีกรด
6,ruleNo6_3_บานเลื่อนECO,8,บานเลื่อน ECO,กาวยาแนว,sub,SIL,S03,กาวยาแนวซิลิโคนไม่มีกรด
6,ruleNo6_3_บานเลื่อนECO,9,บานเลื่อน ECO,กาวยาแนว,sub,SIL,S04,กาวยาแนวซิลิโคนไม่มีกรด
6,ruleNo6_3_บานเลื่อนECO,10,บานเลื่อน ECO,กาวยาแนว,sub,ARC,S22,กาวยาแนวอะคริลิค
6,ruleNo6_3_บานเลื่อนECO,11,บานเลื่อน ECO,กาวยาแนว,sub,ARC,S20,กาวยาแนวอะคริลิค
6,ruleNo6_3_บานเลื่อนECO,12,บานเลื่อน ECO,กาวยาแนว,sub,ARC,S21,กาวยาแนวอะคริลิค
6,ruleNo6_3_บานเลื่อนECO,13,บานเลื่อน ECO,อุปกรณ์,sub,EG04,,มือจับ
6,ruleNo6_3_บานเลื่อนECO,14,บานเลื่อน ECO,อุปกรณ์,sub,EG01,,ยางอัด/สักหลาด
6,ruleNo6_4_บานกระทุ้งECO,1,บานกระทุ้ง ECO,อลูมิเนียม,main,AG000-04,AS000-005,ชุดบานกระทุ้ง/บานเปิด ECO
6,ruleNo6_4_บานกระทุ้งECO,2,บานกระทุ้ง ECO,อลูมิเนียม,sub,,,สกูร/รีเวต
6,ruleNo6_4_บานกระทุ้งECO,3,บานกระทุ้ง ECO,อุปกรณ์,sub,EG01,,ยางอัด/สักหลาด
6,ruleNo6_4_บานกระทุ้งECO,4,บานกระทุ้ง ECO,อุปกรณ์,sub,EG04,ESG01,มือจับ
6,ruleNo6_4_บานกระทุ้งECO,5,บานกระทุ้ง ECO,อลูมิเนียม,sub,EG08,,บานพับ
6,ruleNo6_4_บานกระทุ้งECO,6,บานกระทุ้ง ECO,กาวยาแนว,sub,SIL,S01,กาวยาแนวซิลิโคนมีกรด
6,ruleNo6_4_บานกระทุ้งECO,7,บานกระทุ้ง ECO,กาวยาแนว,sub,SIL,S02,กาวยาแนวซิลิโคนมีกรด
6,ruleNo6_4_บานกระทุ้งECO,8,บานกระทุ้ง ECO,กาวยาแนว,sub,SIL,S03,กาวยาแนวซิลิโคนไม่มีกรด
6,ruleNo6_4_บานกระทุ้งECO,9,บานกระทุ้ง ECO,กาวยาแนว,sub,SIL,S04,กาวยาแนวซิลิโคนไม่มีกรด
6,ruleNo6_4_บานกระทุ้งECO,10,บานกระทุ้ง ECO,กาวยาแนว,sub,ARC,S22,กาวยาแนวอะคริลิค
6,ruleNo6_4_บานกระทุ้งECO,11,บานกระทุ้ง ECO,กาวยาแนว,sub,ARC,S20,กาวยาแนวอะคริลิค
6,ruleNo6_4_บานกระทุ้งECO,12,บานกระทุ้ง ECO,กาวยาแนว,sub,ARC,S21,กาวยาแนวอะคริลิค
6,ruleNo6_5_บานกระทุ้งEXTRA,1,บานเลื่อน EXTRA,อลูมิเนียม,main,AG000-02,AS000-003,บานเลื่อน EXTRA
6,ruleNo6_5_บานกระทุ้งEXTRA,2,บานเลื่อน EXTRA,อลูมิเนียม,sub,,,แป้นรับล็อคบานเลื่อน/แป้นยูรับล็อค
6,ruleNo6_5_บานกระทุ้งEXTRA,3,บานเลื่อน EXTRA,อลูมิเนียม,sub,,,ตัวที
6,ruleNo6_5_บานกระทุ้งEXTRA,4,บานเลื่อน EXTRA,อลูมิเนียม,sub,,,รับล็อค/ หมุดล็อค
6,ruleNo6_5_บานกระทุ้งEXTRA,5,บานเลื่อน EXTRA,อลูมิเนียม,sub,EG03,,ลูกล้อประตู/หน้าต่าง
6,ruleNo6_5_บานกระทุ้งEXTRA,6,บานเลื่อน EXTRA,อลูมิเนียม,sub,,,ฝาปิดรางล้อ/ ฝาปิดเสา
6,ruleNo6_5_บานกระทุ้งEXTRA,7,บานเลื่อน EXTRA,อุปกรณ์,sub,EG04,ESG02,มือจับ
6,ruleNo6_5_บานกระทุ้งEXTRA,8,บานเลื่อน EXTRA,อุปกรณ์,sub,EG01,,ยางอัด/สักหลาด
6,ruleNo6_5_บานกระทุ้งEXTRA,9,บานเลื่อน EXTRA,อลูมิเนียม,sub,,,สกูร/รีเวต
6,ruleNo6_5_บานกระทุ้งEXTRA,10,บานเลื่อน EXTRA,กาวยาแนว,sub,SIL,S01,กาวยาแนวซิลิโคนมีกรด
6,ruleNo6_5_บานกระทุ้งEXTRA,11,บานเลื่อน EXTRA,กาวยาแนว,sub,SIL,S02,กาวยาแนวซิลิโคนมีกรด
6,ruleNo6_5_บานกระทุ้งEXTRA,12,บานเลื่อน EXTRA,กาวยาแนว,sub,SIL,S03,กาวยาแนวซิลิโคนไม่มีกรด
6,ruleNo6_5_บานกระทุ้งEXTRA,13,บานเลื่อน EXTRA,กาวยาแนว,sub,SIL,S04,กาวยาแนวซิลิโคนไม่มีกรด
6,ruleNo6_5_บานกระทุ้งEXTRA,14,บานเลื่อน EXTRA,กาวยาแนว,sub,ARC,S22,กาวยาแนวอะคริลิค
6,ruleNo6_5_บานกระทุ้งEXTRA,15,บานเลื่อน EXTRA,กาวยาแนว,sub,ARC,S20,กาวยาแนวอะคริลิค
6,ruleNo6_5_บานกระทุ้งEXTRA,16,บานเลื่อน EXTRA,กาวยาแนว,sub,ARC,S21,กาวยาแนวอะคริลิค
6,ruleNo6_6_บานกระทุ้งEXTRA,1,บานกระทุ้ง EXTRA,อลูมิเนียม,main,AG000-04,AS000-003,บานกระทุ้ง/บานเปิด EXTRA
6,ruleNo6_6_บานกระทุ้งEXTRA,2,บานกระทุ้ง EXTRA,อลูมิเนียม,sub,,,รับล็อค/ หมุดล็อค
6,ruleNo6_6_บานกระทุ้งEXTRA,3,บานกระทุ้ง EXTRA,อลูมิเนียม,sub,,,ฝาปิดรูระบายน้ำเข้า/ออก
6,ruleNo6_6_บานกระทุ้งEXTRA,4,บานกระทุ้ง EXTRA,อลูมิเนียม,sub,,,สกูร/รีเวต
6,ruleNo6_6_บานกระทุ้งEXTRA,5,บานกระทุ้ง EXTRA,อลูมิเนียม,sub,EG08,,บานพับ
6,ruleNo6_6_บานกระทุ้งEXTRA,6,บานกระทุ้ง EXTRA,อลูมิเนียม,sub,EG05,,ไส้กุญแจ/ รับล็อค/ ตลับกุญแจ
6,ruleNo6_6_บานกระทุ้งEXTRA,7,บานกระทุ้ง EXTRA,อลูมิเนียม,sub,,,ก้านสไลด์/ ตัวที
6,ruleNo6_6_บานกระทุ้งEXTRA,8,บานกระทุ้ง EXTRA,กาวยาแนว,sub,SIL,S01,กาวยาแนวซิลิโคนมีกรด
6,ruleNo6_6_บานกระทุ้งEXTRA,9,บานกระทุ้ง EXTRA,กาวยาแนว,sub,SIL,S02,กาวยาแนวซิลิโคนมีกรด
6,ruleNo6_6_บานกระทุ้งEXTRA,10,บานกระทุ้ง EXTRA,กาวยาแนว,sub,SIL,S03,กาวยาแนวซิลิโคนไม่มีกรด
6,ruleNo6_6_บานกระทุ้งEXTRA,11,บานกระทุ้ง EXTRA,กาวยาแนว,sub,SIL,S04,กาวยาแนวซิลิโคนไม่มีกรด
6,ruleNo6_6_บานกระทุ้งEXTRA,12,บานกระทุ้ง EXTRA,กาวยาแนว,sub,ARC,S22,กาวยาแนวอะคริลิค
6,ruleNo6_6_บานกระทุ้งEXTRA,13,บานกระทุ้ง EXTRA,กาวยาแนว,sub,ARC,S20,กาวยาแนวอะคริลิค
6,ruleNo6_6_บานกระทุ้งEXTRA,14,บานกระทุ้ง EXTRA,กาวยาแนว,sub,ARC,S21,กาวยาแนวอะคริลิค
6,ruleNo6_6_บานกระทุ้งEXTRA,15,บานกระทุ้ง EXTRA,อุปกรณ์,sub,EG04,,มือจับ
6,ruleNo6_6_บานกระทุ้งEXTRA,16,บานกระทุ้ง EXTRA,อุปกรณ์,sub,EG01,,ยางอัด/สักหลาด
6,ruleNo6_7_บานกระทุ้งEXTRA,1,บานกระทุ้ง EXTRA,อลูมิเนียม,main,AG000-13,AS000-003,บานกระทุ้ง/บานเปิด EXTRA
6,ruleNo6_7_บานกระทุ้งEXTRA,2,บานกระทุ้ง EXTRA,อลูมิเนียม,sub,,,รับล็อค/ หมุดล็อค
6,ruleNo6_7_บานกระทุ้งEXTRA,3,บานกระทุ้ง EXTRA,อลูมิเนียม,sub,,,ฝาปิดรูระบายน้ำเข้า/ออก
6,ruleNo6_7_บานกระทุ้งEXTRA,4,บานกระทุ้ง EXTRA,อลูมิเนียม,sub,,,สกูร/รีเวต
6,ruleNo6_7_บานกระทุ้งEXTRA,5,บานกระทุ้ง EXTRA,อลูมิเนียม,sub,EG08,,บานพับ
6,ruleNo6_7_บานกระทุ้งEXTRA,6,บานกระทุ้ง EXTRA,อลูมิเนียม,sub,EG05,,ไส้กุญแจ/ รับล็อค/ ตลับกุญแจ
6,ruleNo6_7_บานกระทุ้งEXTRA,7,บานกระทุ้ง EXTRA,อลูมิเนียม,sub,,,ก้านสไลด์/ ตัวที
6,ruleNo6_7_บานกระทุ้งEXTRA,8,บานกระทุ้ง EXTRA,กาวยาแนว,sub,SIL,S01,กาวยาแนวซิลิโคนมีกรด
6,ruleNo6_7_บานกระทุ้งEXTRA,9,บานกระทุ้ง EXTRA,กาวยาแนว,sub,SIL,S02,กาวยาแนวซิลิโคนมีกรด
6,ruleNo6_7_บานกระทุ้งEXTRA,10,บานกระทุ้ง EXTRA,กาวยาแนว,sub,SIL,S03,กาวยาแนวซิลิโคนไม่มีกรด
6,ruleNo6_7_บานกระทุ้งEXTRA,11,บานกระทุ้ง EXTRA,กาวยาแนว,sub,SIL,S04,กาวยาแนวซิลิโคนไม่มีกรด
6,ruleNo6_7_บานกระทุ้งEXTRA,12,บานกระทุ้ง EXTRA,กาวยาแนว,sub,ARC,S22,กาวยาแนวอะคริลิค
6,ruleNo6_7_บานกระทุ้งEXTRA,13,บานกระทุ้ง EXTRA,กาวยาแนว,sub,ARC,S20,กาวยาแนวอะคริลิค
6,ruleNo6_7_บานกระทุ้งEXTRA,14,บานกระทุ้ง EXTRA,กาวยาแนว,sub,ARC,S21,กาวยาแนวอะคริลิค
6,ruleNo6_7_บานกระทุ้งEXTRA,15,บานกระทุ้ง EXTRA,อุปกรณ์,sub,EG04,,มือจับ
6,ruleNo6_7_บานกระทุ้งEXTRA,16,บานกระทุ้ง EXTRA,อุปกรณ์,sub,EG01,,ยางอัด/สักหลาด
6,ruleNo6_8_บานเฟี้ยมBI-FOLD,1,บานเฟี้ยม BI-FOLD,อลูมิเนียม,main,AG000-13,AS000-006,บานเฟี้ยม BI-FOLD
6,ruleNo6_8_บานเฟี้ยมBI-FOLD,2,บานเฟี้ยม BI-FOLD,อลูมิเนียม,sub,,,สกูร/รีเวต
6,ruleNo6_8_บานเฟี้ยมBI-FOLD,3,บานเฟี้ยม BI-FOLD,อุปกรณ์,sub,EG01,,ยางอัด/สักหลาด
6,ruleNo6_8_บานเฟี้ยมBI-FOLD,4,บานเฟี้ยม BI-FOLD,อุปกรณ์,sub,EG04,ESG06,มือจับ
6,ruleNo6_8_บานเฟี้ยมBI-FOLD,5,บานเฟี้ยม BI-FOLD,อุปกรณ์,sub,EG05,,เสื้อกุญแจ
6,ruleNo6_8_บานเฟี้ยมBI-FOLD,6,บานเฟี้ยม BI-FOLD,อุปกรณ์,sub,EG05,,ไส้กุญแจ/ รับล็อค/ ตลับกุญแจ
6,ruleNo6_8_บานเฟี้ยมBI-FOLD,7,บานเฟี้ยม BI-FOLD,อุปกรณ์,sub,EG03,,ลูกล้อประตู/หน้าต่าง
6,ruleNo6_8_บานเฟี้ยมBI-FOLD,8,บานเฟี้ยม BI-FOLD,อุปกรณ์,sub,,,ก้านกลอน
6,ruleNo6_8_บานเฟี้ยมBI-FOLD,9,บานเฟี้ยม BI-FOLD,อุปกรณ์,sub,EG08,,บานพับ
6,ruleNo6_8_บานเฟี้ยมBI-FOLD,10,บานเฟี้ยม BI-FOLD,กาวยาแนว,sub,SIL,S01,กาวยาแนวซิลิโคนมีกรด
6,ruleNo6_8_บานเฟี้ยมBI-FOLD,11,บานเฟี้ยม BI-FOLD,กาวยาแนว,sub,SIL,S02,กาวยาแนวซิลิโคนมีกรด
6,ruleNo6_8_บานเฟี้ยมBI-FOLD,12,บานเฟี้ยม BI-FOLD,กาวยาแนว,sub,SIL,S03,กาวยาแนวซิลิโคนไม่มีกรด
6,ruleNo6_8_บานเฟี้ยมBI-FOLD,13,บานเฟี้ยม BI-FOLD,กาวยาแนว,sub,SIL,S04,กาวยาแนวซิลิโคนไม่มีกรด
6,ruleNo6_8_บานเฟี้ยมBI-FOLD,14,บานเฟี้ยม BI-FOLD,กาวยาแนว,sub,ARC,S22,กาวยาแนวอะคริลิค
6,ruleNo6_8_บานเฟี้ยมBI-FOLD,15,บานเฟี้ยม BI-FOLD,กาวยาแนว,sub,ARC,S20,กาวยาแนวอะคริลิค
6,ruleNo6_8_บานเฟี้ยมBI-FOLD,16,บานเฟี้ยม BI-FOLD,กาวยาแนว,sub,ARC,S21,กาวยาแนวอะคริลิค
6,ruleNo6_9_บานกระทุ้งชุดตลาด,1,บานกระทุ้งชุดตลาด,อลูมิเนียม,main,AG000-04,,บานกระทุ้งชุดตลาด
6,ruleNo6_9_บานกระทุ้งชุดตลาด,2,บานกระทุ้งชุดตลาด,อุปกรณ์,sub,EG04,,มือจับ
6,ruleNo6_9_บานกระทุ้งชุดตลาด,3,บานกระทุ้งชุดตลาด,อุปกรณ์,sub,,,สกูร/รีเวต
6,ruleNo6_9_บานกระทุ้งชุดตลาด,4,บานกระทุ้งชุดตลาด,อุปกรณ์,sub,EG01,,ยางอัด/สักหลาด
6,ruleNo6_9_บานกระทุ้งชุดตลาด,5,บานกระทุ้งชุดตลาด,อุปกรณ์,sub,EG09,,มุ้ง
6,ruleNo6_9_บานกระทุ้งชุดตลาด,6,บานกระทุ้งชุดตลาด,กาวยาแนว,sub,SIL,S01,กาวยาแนวซิลิโคนมีกรด
6,ruleNo6_9_บานกระทุ้งชุดตลาด,7,บานกระทุ้งชุดตลาด,กาวยาแนว,sub,SIL,S02,กาวยาแนวซิลิโคนมีกรด
6,ruleNo6_9_บานกระทุ้งชุดตลาด,8,บานกระทุ้งชุดตลาด,กาวยาแนว,sub,SIL,S03,กาวยาแนวซิลิโคนไม่มีกรด
6,ruleNo6_9_บานกระทุ้งชุดตลาด,9,บานกระทุ้งชุดตลาด,กาวยาแนว,sub,SIL,S04,กาวยาแนวซิลิโคนไม่มีกรด
6,ruleNo6_9_บานกระทุ้งชุดตลาด,10,บานกระทุ้งชุดตลาด,กาวยาแนว,sub,ARC,S22,กาวยาแนวอะคริลิค
6,ruleNo6_9_บานกระทุ้งชุดตลาด,11,บานกระทุ้งชุดตลาด,กาวยาแนว,sub,ARC,S20,กาวยาแนวอะคริลิค
6,ruleNo6_9_บานกระทุ้งชุดตลาด,12,บานกระทุ้งชุดตลาด,กาวยาแนว,sub,ARC,S21,กาวยาแนวอะคริลิค
6,ruleNo6_10_บานเลื่อนชุดตลาด,1,บานเลื่อนชุดตลาด,อลูมิเนียม,main,AG000-02,,บานเลื่อนชุดตลาด
6,ruleNo6_10_บานเลื่อนชุดตลาด,2,บานเลื่อนชุดตลาด,อุปกรณ์,sub,EG04,,มือจับ
6,ruleNo6_10_บานเลื่อนชุดตลาด,3,บานเลื่อนชุดตลาด,อุปกรณ์,sub,,,สกูร/รีเวต
6,ruleNo6_10_บานเลื่อนชุดตลาด,4,บานเลื่อนชุดตลาด,อุปกรณ์,sub,EG01,,ยางอัด/สักหลาด
6,ruleNo6_10_บานเลื่อนชุดตลาด,5,บานเลื่อนชุดตลาด,อุปกรณ์,sub,EG09,,มุ้ง
6,ruleNo6_10_บานเลื่อนชุดตลาด,6,บานเลื่อนชุดตลาด,อุปกรณ์,sub,EG03,,ลูกล้อประตู/หน้าต่าง
6,ruleNo6_10_บานเลื่อนชุดตลาด,7,บานเลื่อนชุดตลาด,กาวยาแนว,sub,SIL,S01,กาวยาแนวซิลิโคนมีกรด
6,ruleNo6_10_บานเลื่อนชุดตลาด,8,บานเลื่อนชุดตลาด,กาวยาแนว,sub,SIL,S02,กาวยาแนวซิลิโคนมีกรด
6,ruleNo6_10_บานเลื่อนชุดตลาด,9,บานเลื่อนชุดตลาด,กาวยาแนว,sub,SIL,S03,กาวยาแนวซิลิโคนไม่มีกรด
6,ruleNo6_10_บานเลื่อนชุดตลาด,10,บานเลื่อนชุดตลาด,กาวยาแนว,sub,SIL,S04,กาวยาแนวซิลิโคนไม่มีกรด
6,ruleNo6_10_บานเลื่อนชุดตลาด,11,บานเลื่อนชุดตลาด,กาวยาแนว,sub,ARC,S22,กาวยาแนวอะคริลิค
6,ruleNo6_10_บานเลื่อนชุดตลาด,12,บานเลื่อนชุดตลาด,กาวยาแนว,sub,ARC,S20,กาวยาแนวอะคริลิค
6,ruleNo6_10_บานเลื่อนชุดตลาด,13,บานเลื่อนชุดตลาด,กาวยาแนว,sub,ARC,S21,กาวยาแนวอะคริลิค
6,ruleNo6_11_บานเลื่อนชุดตลาด,1,บานสวิงชุดตลาด,อลูมิเนียม,main,AG000-01,,บานสวิงชุดตลาด
6,ruleNo6_11_บานเลื่อนชุดตลาด,2,บานสวิงชุดตลาด,อุปกรณ์,sub,EG02,,โช๊ค
6,ruleNo6_11_บานเลื่อนชุดตลาด,3,บานสวิงชุดตลาด,อุปกรณ์,sub,EG04,,มือจับ
6,ruleNo6_11_บานเลื่อนชุดตลาด,4,บานสวิงชุดตลาด,อุปกรณ์,sub,,,สกูร/รีเวต
6,ruleNo6_11_บานเลื่อนชุดตลาด,5,บานสวิงชุดตลาด,อุปกรณ์,sub,EG01,,ยางอัด/สักหลาด
6,ruleNo6_11_บานเลื่อนชุดตลาด,6,บานสวิงชุดตลาด,อุปกรณ์,sub,EG05,,กลอน/กุญแจ
6,ruleNo6_11_บานเลื่อนชุดตลาด,7,บานสวิงชุดตลาด,อลูมิเนียม,sub,AG000-15,,เหล็กเส้น
6,ruleNo6_11_บานเลื่อนชุดตลาด,8,บานสวิงชุดตลาด,กาวยาแนว,sub,SIL,S01,กาวยาแนวซิลิโคนมีกรด
6,ruleNo6_11_บานเลื่อนชุดตลาด,9,บานสวิงชุดตลาด,กาวยาแนว,sub,SIL,S02,กาวยาแนวซิลิโคนมีกรด
6,ruleNo6_11_บานเลื่อนชุดตลาด,10,บานสวิงชุดตลาด,กาวยาแนว,sub,SIL,S03,กาวยาแนวซิลิโคนไม่มีกรด
6,ruleNo6_11_บานเลื่อนชุดตลาด,11,บานสวิงชุดตลาด,กาวยาแนว,sub,SIL,S04,กาวยาแนวซิลิโคนไม่มีกรด
6,ruleNo6_11_บานเลื่อนชุดตลาด,12,บานสวิงชุดตลาด,กาวยาแนว,sub,ARC,S22,กาวยาแนวอะคริลิค
6,ruleNo6_11_บานเลื่อนชุดตลาด,13,บานสวิงชุดตลาด,กาวยาแนว,sub,ARC,S20,กาวยาแนวอะคริลิค
6,ruleNo6_11_บานเลื่อนชุดตลาด,14,บานสวิงชุดตลาด,กาวยาแนว,sub,ARC,S21,กาวยาแนวอะคริลิค
7,ruleNo7_1_อุปกรณ์กระจก,1,อุปกรณ์กระจก,อุปกรณ์,main,EG13,ESG11,อุปกรณ์กระจก
7,ruleNo7_1_อุปกรณ์กระจก,2,อุปกรณ์กระจก,อุปกรณ์,sub,,,แป้นติดหลังกระจก
7,ruleNo7_1_อุปกรณ์กระจก,3,อุปกรณ์กระจก,อุปกรณ์,sub,,,หัวยางดูดกระจก
7,ruleNo7_1_อุปกรณ์กระจก,4,อุปกรณ์กระจก,อุปกรณ์,sub,,,ไม้ตัดกระจก/ มีดตัดกระจก
7,ruleNo7_1_อุปกรณ์กระจก,5,อุปกรณ์กระจก,อุปกรณ์,sub,,,ตัวหนีบกระจก/ หมุดติดกระจก/ เดือย
7,ruleNo7_1_อุปกรณ์กระจก,6,อุปกรณ์กระจก,อุปกรณ์,sub,,,ฉากกั้นกระจกเทมเปอร์
7,ruleNo7_1_อุปกรณ์กระจก,7,อุปกรณ์กระจก,อุปกรณ์,sub,,,ถุงมือจับกระจก
7,ruleNo7_1_อุปกรณ์กระจก,8,อุปกรณ์กระจก,อุปกรณ์,sub,,,ตัวยึดกระจกห้องน้ำกันแกว่ง
7,ruleNo7_1_อุปกรณ์กระจก,9,อุปกรณ์กระจก,อุปกรณ์,sub,EG13,ESG12,ยางกันน้ำ
7,ruleNo7_1_อุปกรณ์กระจก,10,อุปกรณ์กระจก,อุปกรณ์,sub,,,จานฝนริมกระจกไฟเบอร์/ หินฝนกระจก
7,ruleNo7_1_อุปกรณ์กระจก,11,อุปกรณ์กระจก,อุปกรณ์,sub,EG02,ESG04,โช็ค/ แขนโช๊คฝังพื้น
7,ruleNo7_1_อุปกรณ์กระจก,12,อุปกรณ์กระจก,อุปกรณ์,sub,,,ราวสแตนเลสแบบกลม
7,ruleNo7_2_อุปกรณ์กระจก,1,อุปกรณ์กระจก,อุปกรณ์,main,EG13,ESG12,ยางกันน้ำ
7,ruleNo7_2_อุปกรณ์กระจก,2,อุปกรณ์กระจก,อุปกรณ์,sub,,,แป้นติดหลังกระจก
7,ruleNo7_2_อุปกรณ์กระจก,3,อุปกรณ์กระจก,อุปกรณ์,sub,,,หัวยางดูดกระจก
7,ruleNo7_2_อุปกรณ์กระจก,4,อุปกรณ์กระจก,อุปกรณ์,sub,,,ไม้ตัดกระจก/ มีดตัดกระจก
7,ruleNo7_2_อุปกรณ์กระจก,5,อุปกรณ์กระจก,อุปกรณ์,sub,,,ตัวหนีบกระจก/ หมุดติดกระจก
7,ruleNo7_2_อุปกรณ์กระจก,6,อุปกรณ์กระจก,อุปกรณ์,sub,,,ฉากกั้นกระจกเทมเปอร์
7,ruleNo7_2_อุปกรณ์กระจก,7,อุปกรณ์กระจก,อุปกรณ์,sub,,,ถุงมือจับกระจก
7,ruleNo7_2_อุปกรณ์กระจก,8,อุปกรณ์กระจก,อุปกรณ์,sub,,,ตัวยึดกระจกห้องน้ำกันแกว่ง
7,ruleNo7_2_อุปกรณ์กระจก,9,อุปกรณ์กระจก,อุปกรณ์,sub,,,จานฝนริมกระจกไฟเบอร์/ หินฝนกระจก
7,ruleNo7_2_อุปกรณ์กระจก,10,อุปกรณ์กระจก,อุปกรณ์,sub,EG02,ESG04,โช็ค/ แขนโช๊คฝังพื้น
7,ruleNo7_2_อุปกรณ์กระจก,11,อุปกรณ์กระจก,อุปกรณ์,sub,,,ราวสแตนเลสแบบกลม
7,ruleNo7_3_อุปกรณ์กระจก,1,อุปกรณ์กระจก,อุปกรณ์,main,EG02,ESG04,โช็คบานเปลือย
7,ruleNo7_3_อุปกรณ์กระจก,2,อุปกรณ์กระจก,อุปกรณ์,sub,,,แป้นติดหลังกระจก
7,ruleNo7_3_อุปกรณ์กระจก,3,อุปกรณ์กระจก,อุปกรณ์,sub,,,หัวยางดูดกระจก
7,ruleNo7_3_อุปกรณ์กระจก,4,อุปกรณ์กระจก,อุปกรณ์,sub,,,ไม้ตัดกระจก/ มีดตัดกระจก
7,ruleNo7_3_อุปกรณ์กระจก,5,อุปกรณ์กระจก,อุปกรณ์,sub,,,ตัวหนีบกระจก/ หมุดติดกระจก/ เดือย
7,ruleNo7_3_อุปกรณ์กระจก,6,อุปกรณ์กระจก,อุปกรณ์,sub,,,ฉากกั้นกระจกเทมเปอร์
7,ruleNo7_3_อุปกรณ์กระจก,7,อุปกรณ์กระจก,อุปกรณ์,sub,,,ถุงมือจับกระจก
7,ruleNo7_3_อุปกรณ์กระจก,8,อุปกรณ์กระจก,อุปกรณ์,sub,,,ตัวยึดกระจกห้องน้ำกันแกว่ง
7,ruleNo7_3_อุปกรณ์กระจก,9,อุปกรณ์กระจก,อุปกรณ์,sub,EG13,ESG12,ยางกันน้ำ
7,ruleNo7_3_อุปกรณ์กระจก,10,อุปกรณ์กระจก,อุปกรณ์,sub,,,จานฝนริมกระจกไฟเบอร์/ หินฝนกระจก
7,ruleNo7_3_อุปกรณ์กระจก,11,อุปกรณ์กระจก,อุปกรณ์,sub,,,ราวสแตนเลสแบบกลม
8,ruleNo8_1_อุปกรณ์อลูมิเนียม,1,อุปกรณ์อลูมิเนียม,อุปกรณ์,main,EG12,ESG01,อุปกรณ์อลูมิเนียม บานเปิด/บานกระทุ้ง
8,ruleNo8_1_อุปกรณ์อลูมิเนียม,2,อุปกรณ์อลูมิเนียม,อุปกรณ์,sub,EG08,,บานพับ
8,ruleNo8_1_อุปกรณ์อลูมิเนียม,3,อุปกรณ์อลูมิเนียม,อุปกรณ์,sub,,,มุมบานกระทุ้ง
8,ruleNo8_2_อุปกรณ์อลูมิเนียม,1,อุปกรณ์อลูมิเนียม,อุปกรณ์,main,EG04,ESG01,อุปกรณ์อลูมิเนียม บานเปิด/บานกระทุ้ง
8,ruleNo8_2_อุปกรณ์อลูมิเนียม,2,อุปกรณ์อลูมิเนียม,อุปกรณ์,sub,EG08,,บานพับ
8,ruleNo8_2_อุปกรณ์อลูมิเนียม,3,อุปกรณ์อลูมิเนียม,อุปกรณ์,sub,,,มุมบานกระทุ้ง
8,ruleNo8_3_อุปกรณ์อลูมิเนียม,1,อุปกรณ์อลูมิเนียม,อุปกรณ์,main,EG05,ESG01,อุปกรณ์อลูมิเนียม บานเปิด/บานกระทุ้ง
8,ruleNo8_3_อุปกรณ์อลูมิเนียม,2,อุปกรณ์อลูมิเนียม,อุปกรณ์,sub,EG08,,บานพับ
8,ruleNo8_3_อุปกรณ์อลูมิเนียม,3,อุปกรณ์อลูมิเนียม,อุปกรณ์,sub,,,มุมบานกระทุ้ง
8,ruleNo8_4_อุปกรณ์อลูมิเนียม,1,อุปกรณ์อลูมิเนียม,อุปกรณ์,main,EG08,ESG01,อุปกรณ์อลูมิเนียม บานเปิด/บานกระทุ้ง
8,ruleNo8_4_อุปกรณ์อลูมิเนียม,2,อุปกรณ์อลูมิเนียม,อุปกรณ์,sub,,,มุมบานกระทุ้ง
8,ruleNo8_5_อุปกรณ์อลูมิเนียม,1,อุปกรณ์อลูมิเนียม,อุปกรณ์,main,EG01,ESG02,อุปกรณ์อลูมิเนียม บานเลื่อน
8,ruleNo8_5_อุปกรณ์อลูมิเนียม,2,อุปกรณ์อลูมิเนียม,อุปกรณ์,sub,,,แป้นรับล๊อคบานเลื่อน
8,ruleNo8_5_อุปกรณ์อลูมิเนียม,3,อุปกรณ์อลูมิเนียม,อุปกรณ์,sub,,,ฉากเข้ามุมปรับได้
8,ruleNo8_5_อุปกรณ์อลูมิเนียม,4,อุปกรณ์อลูมิเนียม,อุปกรณ์,sub,,,ยางกันชนคอม้า/ ยางกันขโมย
8,ruleNo8_5_อุปกรณ์อลูมิเนียม,5,อุปกรณ์อลูมิเนียม,อุปกรณ์,sub,,,ฝาปิดรูระบายน้ำเข้า/ออก
8,ruleNo8_5_อุปกรณ์อลูมิเนียม,6,อุปกรณ์อลูมิเนียม,อุปกรณ์,sub,,,ฝาปิดรางล้อ/ ฝาปิดเสาบานเลื่อน
8,ruleNo8_5_อุปกรณ์อลูมิเนียม,7,อุปกรณ์อลูมิเนียม,อุปกรณ์,sub,,,ลิ่มหนุนเฟรม
8,ruleNo8_5_อุปกรณ์อลูมิเนียม,8,อุปกรณ์อลูมิเนียม,อุปกรณ์,sub,EG01,,ยางอัด/สักหลาด
8,ruleNo8_5_อุปกรณ์อลูมิเนียม,9,อุปกรณ์อลูมิเนียม,อุปกรณ์,sub,,,กันฝุ่น/รับล็อค
8,ruleNo8_6_อุปกรณ์อลูมิเนียม,1,อุปกรณ์อลูมิเนียม,อุปกรณ์,main,EG03,ESG02,อุปกรณ์อลูมิเนียม บานเลื่อน
8,ruleNo8_6_อุปกรณ์อลูมิเนียม,2,อุปกรณ์อลูมิเนียม,อุปกรณ์,sub,,,แป้นรับล๊อคบานเลื่อน
8,ruleNo8_6_อุปกรณ์อลูมิเนียม,3,อุปกรณ์อลูมิเนียม,อุปกรณ์,sub,,,ฉากเข้ามุมปรับได้
8,ruleNo8_6_อุปกรณ์อลูมิเนียม,4,อุปกรณ์อลูมิเนียม,อุปกรณ์,sub,,,ยางกันชนคอม้า/ ยางกันขโมย
8,ruleNo8_6_อุปกรณ์อลูมิเนียม,5,อุปกรณ์อลูมิเนียม,อุปกรณ์,sub,,,ฝาปิดรูระบายน้ำเข้า/ออก
8,ruleNo8_6_อุปกรณ์อลูมิเนียม,6,อุปกรณ์อลูมิเนียม,อุปกรณ์,sub,,,ฝาปิดรางล้อ/ ฝาปิดเสาบานเลื่อน
8,ruleNo8_6_อุปกรณ์อลูมิเนียม,7,อุปกรณ์อลูมิเนียม,อุปกรณ์,sub,,,ลิ่มหนุนเฟรม
8,ruleNo8_6_อุปกรณ์อลูมิเนียม,8,อุปกรณ์อลูมิเนียม,อุปกรณ์,sub,EG01,,ยางอัด/สักหลาด
8,ruleNo8_6_อุปกรณ์อลูมิเนียม,9,อุปกรณ์อลูมิเนียม,อุปกรณ์,sub,,,กันฝุ่น/รับล็อค
8,ruleNo8_7_อุปกรณ์อลูมิเนียม,1,อุปกรณ์อลูมิเนียม,อุปกรณ์,main,EG04,ESG02,อุปกรณ์อลูมิเนียม บานเลื่อน
8,ruleNo8_7_อุปกรณ์อลูมิเนียม,2,อุปกรณ์อลูมิเนียม,อุปกรณ์,sub,,,แป้นรับล๊อคบานเลื่อน
8,ruleNo8_7_อุปกรณ์อลูมิเนียม,3,อุปกรณ์อลูมิเนียม,อุปกรณ์,sub,,,ฉากเข้ามุมปรับได้
8,ruleNo8_7_อุปกรณ์อลูมิเนียม,4,อุปกรณ์อลูมิเนียม,อุปกรณ์,sub,,,ยางกันชนคอม้า/ ยางกันขโมย
8,ruleNo8_7_อุปกรณ์อลูมิเนียม,5,อุปกรณ์อลูมิเนียม,อุปกรณ์,sub,,,ฝาปิดรูระบายน้ำเข้า/ออก
8,ruleNo8_7_อุปกรณ์อลูมิเนียม,6,อุปกรณ์อลูมิเนียม,อุปกรณ์,sub,,,ฝาปิดรางล้อ/ ฝาปิดเสาบานเลื่อน
8,ruleNo8_7_อุปกรณ์อลูมิเนียม,7,อุปกรณ์อลูมิเนียม,อุปกรณ์,sub,,,ลิ่มหนุนเฟรม
8,ruleNo8_7_อุปกรณ์อลูมิเนียม,8,อุปกรณ์อลูมิเนียม,อุปกรณ์,sub,EG01,,ยางอัด/สักหลาด
8,ruleNo8_7_อุปกรณ์อลูมิเนียม,9,อุปกรณ์อลูมิเนียม,อุปกรณ์,sub,,,กันฝุ่น/รับล็อค
8,ruleNo8_8_อุปกรณ์อลูมิเนียม,1,อุปกรณ์อลูมิเนียม,อุปกรณ์,main,EG05,ESG02,อุปกรณ์อลูมิเนียม บานเลื่อน
8,ruleNo8_8_อุปกรณ์อลูมิเนียม,2,อุปกรณ์อลูมิเนียม,อุปกรณ์,sub,,,แป้นรับล๊อคบานเลื่อน
8,ruleNo8_8_อุปกรณ์อลูมิเนียม,3,อุปกรณ์อลูมิเนียม,อุปกรณ์,sub,,,ฉากเข้ามุมปรับได้
8,ruleNo8_8_อุปกรณ์อลูมิเนียม,4,อุปกรณ์อลูมิเนียม,อุปกรณ์,sub,,,ยางกันชนคอม้า/ ยางกันขโมย
8,ruleNo8_8_อุปกรณ์อลูมิเนียม,5,อุปกรณ์อลูมิเนียม,อุปกรณ์,sub,,,ฝาปิดรูระบายน้ำเข้า/ออก
8,ruleNo8_8_อุปกรณ์อลูมิเนียม,6,อุปกรณ์อลูมิเนียม,อุปกรณ์,sub,,,ฝาปิดรางล้อ/ ฝาปิดเสาบานเลื่อน
8,ruleNo8_8_อุปกรณ์อลูมิเนียม,7,อุปกรณ์อลูมิเนียม,อุปกรณ์,sub,,,ลิ่มหนุนเฟรม
8,ruleNo8_8_อุปกรณ์อลูมิเนียม,8,อุปกรณ์อลูมิเนียม,อุปกรณ์,sub,EG01,,ยางอัด/สักหลาด
8,ruleNo8_8_อุปกรณ์อลูมิเนียม,9,อุปกรณ์อลูมิเนียม,อุปกรณ์,sub,,,กันฝุ่น/รับล็อค
8,ruleNo8_9_อุปกรณ์อลูมิเนียม,1,อุปกรณ์อลูมิเนียม,อุปกรณ์,main,EG06,ESG02,อุปกรณ์อลูมิเนียม บานเลื่อน
8,ruleNo8_9_อุปกรณ์อลูมิเนียม,2,อุปกรณ์อลูมิเนียม,อุปกรณ์,sub,,,แป้นรับล๊อคบานเลื่อน
8,ruleNo8_9_อุปกรณ์อลูมิเนียม,3,อุปกรณ์อลูมิเนียม,อุปกรณ์,sub,,,ฉากเข้ามุมปรับได้
8,ruleNo8_9_อุปกรณ์อลูมิเนียม,4,อุปกรณ์อลูมิเนียม,อุปกรณ์,sub,,,ยางกันชนคอม้า/ ยางกันขโมย
8,ruleNo8_9_อุปกรณ์อลูมิเนียม,5,อุปกรณ์อลูมิเนียม,อุปกรณ์,sub,,,ฝาปิดรูระบายน้ำเข้า/ออก
8,ruleNo8_9_อุปกรณ์อลูมิเนียม,6,อุปกรณ์อลูมิเนียม,อุปกรณ์,sub,,,ฝาปิดรางล้อ/ ฝาปิดเสาบานเลื่อน
8,ruleNo8_9_อุปกรณ์อลูมิเนียม,7,อุปกรณ์อลูมิเนียม,อุปกรณ์,sub,,,ลิ่มหนุนเฟรม
8,ruleNo8_9_อุปกรณ์อลูมิเนียม,8,อุปกรณ์อลูมิเนียม,อุปกรณ์,sub,EG01,,ยางอัด/สักหลาด
8,ruleNo8_9_อุปกรณ์อลูมิเนียม,9,อุปกรณ์อลูมิเนียม,อุปกรณ์,sub,,,กันฝุ่น/รับล็อค
8,ruleNo8_10_อุปกรณ์อลูมิเนียม,1,อุปกรณ์อลูมิเนียม,อุปกรณ์,main,EG12,ESG02,อุปกรณ์อลูมิเนียม บานเลื่อน
8,ruleNo8_10_อุปกรณ์อลูมิเนียม,2,อุปกรณ์อลูมิเนียม,อุปกรณ์,sub,,,แป้นรับล๊อคบานเลื่อน
8,ruleNo8_10_อุปกรณ์อลูมิเนียม,3,อุปกรณ์อลูมิเนียม,อุปกรณ์,sub,,,ฉากเข้ามุมปรับได้
8,ruleNo8_10_อุปกรณ์อลูมิเนียม,4,อุปกรณ์อลูมิเนียม,อุปกรณ์,sub,,,ยางกันชนคอม้า/ ยางกันขโมย
8,ruleNo8_10_อุปกรณ์อลูมิเนียม,5,อุปกรณ์อลูมิเนียม,อุปกรณ์,sub,,,ฝาปิดรูระบายน้ำเข้า/ออก
8,ruleNo8_10_อุปกรณ์อลูมิเนียม,6,อุปกรณ์อลูมิเนียม,อุปกรณ์,sub,,,ฝาปิดรางล้อ/ ฝาปิดเสาบานเลื่อน
8,ruleNo8_10_อุปกรณ์อลูมิเนียม,7,อุปกรณ์อลูมิเนียม,อุปกรณ์,sub,,,ลิ่มหนุนเฟรม
8,ruleNo8_10_อุปกรณ์อลูมิเนียม,8,อุปกรณ์อลูมิเนียม,อุปกรณ์,sub,EG01,,ยางอัด/สักหลาด
8,ruleNo8_10_อุปกรณ์อลูมิเนียม,9,อุปกรณ์อลูมิเนียม,อุปกรณ์,sub,,,กันฝุ่น/รับล็อค
8,ruleNo8_11_อุปกรณ์อลูมิเนียม,1,อุปกรณ์อลูมิเนียม,อุปกรณ์,main,EG12,ESG03,อุปกรณ์อลูมิเนียม บานสวิง
8,ruleNo8_11_อุปกรณ์อลูมิเนียม,2,อุปกรณ์อลูมิเนียม,อุปกรณ์,sub,,,ฉากประคอง
8,ruleNo8_11_อุปกรณ์อลูมิเนียม,3,อุปกรณ์อลูมิเนียม,อุปกรณ์,sub,,,น็อต (เหล็กเส้น)/ แหวน (เหล็กเส้น)
8,ruleNo8_11_อุปกรณ์อลูมิเนียม,4,อุปกรณ์อลูมิเนียม,อุปกรณ์,sub,,,เหล็กเส้นเกลียวตลอด
8,ruleNo8_11_อุปกรณ์อลูมิเนียม,5,อุปกรณ์อลูมิเนียม,อุปกรณ์,sub,,,มุมข้อต่อสวิง
8,ruleNo8_11_อุปกรณ์อลูมิเนียม,6,อุปกรณ์อลูมิเนียม,อุปกรณ์,sub,EG01,,ยางอัด/สักหลาด
8,ruleNo8_12_อุปกรณ์อลูมิเนียม,1,อุปกรณ์อลูมิเนียม,อุปกรณ์,main,EG04,ESG03,อุปกรณ์อลูมิเนียม บานสวิง
8,ruleNo8_12_อุปกรณ์อลูมิเนียม,2,อุปกรณ์อลูมิเนียม,อุปกรณ์,sub,,,ฉากประคอง
8,ruleNo8_12_อุปกรณ์อลูมิเนียม,3,อุปกรณ์อลูมิเนียม,อุปกรณ์,sub,,,น็อต (เหล็กเส้น)/ แหวน (เหล็กเส้น)
8,ruleNo8_12_อุปกรณ์อลูมิเนียม,4,อุปกรณ์อลูมิเนียม,อุปกรณ์,sub,,,เหล็กเส้นเกลียวตลอด
8,ruleNo8_12_อุปกรณ์อลูมิเนียม,5,อุปกรณ์อลูมิเนียม,อุปกรณ์,sub,,,มุมข้อต่อสวิง
8,ruleNo8_12_อุปกรณ์อลูมิเนียม,6,อุปกรณ์อลูมิเนียม,อุปกรณ์,sub,EG01,,ยางอัด/สักหลาด
8,ruleNo8_13_อุปกรณ์อลูมิเนียม,1,อุปกรณ์อลูมิเนียม,อุปกรณ์,main,EG05,ESG03,อุปกรณ์อลูมิเนียม บานสวิง
8,ruleNo8_13_อุปกรณ์อลูมิเนียม,2,อุปกรณ์อลูมิเนียม,อุปกรณ์,sub,,,ฉากประคอง
8,ruleNo8_13_อุปกรณ์อลูมิเนียม,3,อุปกรณ์อลูมิเนียม,อุปกรณ์,sub,,,น็อต (เหล็กเส้น)/ แหวน (เหล็กเส้น)
8,ruleNo8_13_อุปกรณ์อลูมิเนียม,4,อุปกรณ์อลูมิเนียม,อุปกรณ์,sub,,,เหล็กเส้นเกลียวตลอด
8,ruleNo8_13_อุปกรณ์อลูมิเนียม,5,อุปกรณ์อลูมิเนียม,อุปกรณ์,sub,,,มุมข้อต่อสวิง
8,ruleNo8_13_อุปกรณ์อลูมิเนียม,6,อุปกรณ์อลูมิเนียม,อุปกรณ์,sub,EG01,,ยางอัด/สักหลาด
8,ruleNo8_14_อุปกรณ์อลูมิเนียม,1,อุปกรณ์อลูมิเนียม,อุปกรณ์,main,EG05,ESG07,อุปกรณ์อลูมิเนียม พัฒนา Euro
8,ruleNo8_14_อุปกรณ์อลูมิเนียม,2,อุปกรณ์อลูมิเนียม,อุปกรณ์,sub,,,แป้นรับล๊อค/ หมุดล๊อค/ รับล็อค
8,ruleNo8_14_อุปกรณ์อลูมิเนียม,3,อุปกรณ์อลูมิเนียม,อุปกรณ์,sub,,,เต้ากันตก/ เต้ารับล็อค
8,ruleNo8_14_อุปกรณ์อลูมิเนียม,4,อุปกรณ์อลูมิเนียม,อุปกรณ์,sub,,,ตัวที/ ขาล็อคตัวที
8,ruleNo8_14_อุปกรณ์อลูมิเนียม,5,อุปกรณ์อลูมิเนียม,อุปกรณ์,sub,,,ตะขอมัลติพอยท์ล็อค
8,ruleNo8_14_อุปกรณ์อลูมิเนียม,6,อุปกรณ์อลูมิเนียม,อุปกรณ์,sub,,,ก้าน PVC สไลด์
8,ruleNo8_14_อุปกรณ์อลูมิเนียม,7,อุปกรณ์อลูมิเนียม,อุปกรณ์,sub,,,ยางกันชน
8,ruleNo8_14_อุปกรณ์อลูมิเนียม,8,อุปกรณ์อลูมิเนียม,อุปกรณ์,sub,EG05,,ตลับกุญแจ
8,ruleNo8_14_อุปกรณ์อลูมิเนียม,9,อุปกรณ์อลูมิเนียม,อุปกรณ์,sub,,,กันบานตกบานเปิด
8,ruleNo8_15_อุปกรณ์อลูมิเนียม,1,อุปกรณ์อลูมิเนียม,อุปกรณ์,main,EG12,ESG07,อุปกรณ์อลูมิเนียม พัฒนา Euro
8,ruleNo8_15_อุปกรณ์อลูมิเนียม,2,อุปกรณ์อลูมิเนียม,อุปกรณ์,sub,,,แป้นรับล๊อค/ หมุดล๊อค/ รับล็อค
8,ruleNo8_15_อุปกรณ์อลูมิเนียม,3,อุปกรณ์อลูมิเนียม,อุปกรณ์,sub,,,เต้ากันตก/ เต้ารับล็อค
8,ruleNo8_15_อุปกรณ์อลูมิเนียม,4,อุปกรณ์อลูมิเนียม,อุปกรณ์,sub,,,ตัวที/ ขาล็อคตัวที
8,ruleNo8_15_อุปกรณ์อลูมิเนียม,5,อุปกรณ์อลูมิเนียม,อุปกรณ์,sub,,,ตะขอมัลติพอยท์ล็อค
8,ruleNo8_15_อุปกรณ์อลูมิเนียม,6,อุปกรณ์อลูมิเนียม,อุปกรณ์,sub,,,ก้าน PVC สไลด์
8,ruleNo8_15_อุปกรณ์อลูมิเนียม,7,อุปกรณ์อลูมิเนียม,อุปกรณ์,sub,,,ยางกันชน
8,ruleNo8_15_อุปกรณ์อลูมิเนียม,8,อุปกรณ์อลูมิเนียม,อุปกรณ์,sub,EG05,,ตลับกุญแจ
8,ruleNo8_15_อุปกรณ์อลูมิเนียม,9,อุปกรณ์อลูมิเนียม,อุปกรณ์,sub,,,กันบานตกบานเปิด
8,ruleNo8_16_อุปกรณ์อลูมิเนียม,1,อุปกรณ์อลูมิเนียม,อุปกรณ์,main,EG08,ESG07,อุปกรณ์อลูมิเนียม พัฒนา Euro
8,ruleNo8_16_อุปกรณ์อลูมิเนียม,2,อุปกรณ์อลูมิเนียม,อุปกรณ์,sub,,,แป้นรับล๊อค/ หมุดล๊อค/ รับล็อค
8,ruleNo8_16_อุปกรณ์อลูมิเนียม,3,อุปกรณ์อลูมิเนียม,อุปกรณ์,sub,,,เต้ากันตก/ เต้ารับล็อค
8,ruleNo8_16_อุปกรณ์อลูมิเนียม,4,อุปกรณ์อลูมิเนียม,อุปกรณ์,sub,,,ตัวที/ ขาล็อคตัวที
8,ruleNo8_16_อุปกรณ์อลูมิเนียม,5,อุปกรณ์อลูมิเนียม,อุปกรณ์,sub,,,ตะขอมัลติพอยท์ล็อค
8,ruleNo8_16_อุปกรณ์อลูมิเนียม,6,อุปกรณ์อลูมิเนียม,อุปกรณ์,sub,,,ก้าน PVC สไลด์
8,ruleNo8_16_อุปกรณ์อลูมิเนียม,7,อุปกรณ์อลูมิเนียม,อุปกรณ์,sub,,,ยางกันชน
8,ruleNo8_16_อุปกรณ์อลูมิเนียม,8,อุปกรณ์อลูมิเนียม,อุปกรณ์,sub,EG05,,ตลับกุญแจ
8,ruleNo8_16_อุปกรณ์อลูมิเนียม,9,อุปกรณ์อลูมิเนียม,อุปกรณ์,sub,,,กันบานตกบานเปิด
8,ruleNo8_17_อุปกรณ์อลูมิเนียม,1,อุปกรณ์อลูมิเนียม,อุปกรณ์,main,EG04,ESG07,อุปกรณ์อลูมิเนียม พัฒนา Euro
8,ruleNo8_17_อุปกรณ์อลูมิเนียม,2,อุปกรณ์อลูมิเนียม,อุปกรณ์,sub,,,แป้นรับล๊อค/ หมุดล๊อค/ รับล็อค
8,ruleNo8_17_อุปกรณ์อลูมิเนียม,3,อุปกรณ์อลูมิเนียม,อุปกรณ์,sub,,,เต้ากันตก/ เต้ารับล็อค
8,ruleNo8_17_อุปกรณ์อลูมิเนียม,4,อุปกรณ์อลูมิเนียม,อุปกรณ์,sub,,,ตัวที/ ขาล็อคตัวที
8,ruleNo8_17_อุปกรณ์อลูมิเนียม,5,อุปกรณ์อลูมิเนียม,อุปกรณ์,sub,,,ตะขอมัลติพอยท์ล็อค
8,ruleNo8_17_อุปกรณ์อลูมิเนียม,6,อุปกรณ์อลูมิเนียม,อุปกรณ์,sub,,,ก้าน PVC สไลด์
8,ruleNo8_17_อุปกรณ์อลูมิเนียม,7,อุปกรณ์อลูมิเนียม,อุปกรณ์,sub,,,ยางกันชน
8,ruleNo8_17_อุปกรณ์อลูมิเนียม,8,อุปกรณ์อลูมิเนียม,อุปกรณ์,sub,EG05,,ตลับกุญแจ
8,ruleNo8_17_อุปกรณ์อลูมิเนียม,9,อุปกรณ์อลูมิเนียม,อุปกรณ์,sub,,,กันบานตกบานเปิด
8,ruleNo8_18_อุปกรณ์อลูมิเนียม,1,อุปกรณ์อลูมิเนียม,อุปกรณ์,main,,ESG00,อุปกรณ์อลูมิเนียม ตัวตลาด
8,ruleNo8_18_อุปกรณ์อลูมิเนียม,2,อุปกรณ์อลูมิเนียม,อุปกรณ์,sub,,,ฉากรับชั้น
8,ruleNo8_18_อุปกรณ์อลูมิเนียม,3,อุปกรณ์อลูมิเนียม,อุปกรณ์,sub,,,น็อต (เหล็กเส้น)/ แหวน (เหล็กเส้น)
8,ruleNo8_18_อุปกรณ์อลูมิเนียม,4,อุปกรณ์อลูมิเนียม,อุปกรณ์,sub,,,เหล็กเส้นเกลียวตลอด
2,ruleNo2_1_ตะปูคอนกรีต,1,ตะปูคอนกรีต,อุปกรณ์,main,CG22,,ตะปูคอนกรีต
2,ruleNo2_1_ตะปูคอนกรีต,2,ตะปูคอนกรีต,โครงคร่าว,sub,CG10,,โครงผนัง ตัวซี/ตัวยู
2,ruleNo2_1_ตะปูคอนกรีต,3,ตะปูคอนกรีต,โครงคร่าว,sub,CG11,,ซอยผนัง
2,ruleNo2_2_ผ้าฉาบ,1,ผ้าฉาบ,อุปกรณ์,main,CG18,,ผ้าฉาบ
2,ruleNo2_2_ผ้าฉาบ,2,ผ้าฉาบ,ยิปซัม,sub,YG000-06,,แผ่นยิปซัม
2,ruleNo2_2_ผ้าฉาบ,3,ผ้าฉาบ,ยิปซัม,sub,YG000-01,,แผ่นยิปซัม
2,ruleNo2_2_ผ้าฉาบ,4,ผ้าฉาบ,ยิปซัม,sub,YG000-02,,แผ่นยิปซัม
2,ruleNo2_2_ผ้าฉาบ,5,ผ้าฉาบ,ยิปซัม,sub,YG000-03,,แผ่นยิปซัม
2,ruleNo2_2_ผ้าฉาบ,6,ผ้าฉาบ,ยิปซัม,sub,YG000-04,,แผ่นยิปซัม
2,ruleNo2_2_ผ้าฉาบ,7,ผ้าฉาบ,ยิปซัม,sub,YG000-09,,แผ่นยิปซัม
2,ruleNo2_2_ผ้าฉาบ,8,ผ้าฉาบ,ยิปซัม,sub,YG000-10,,แผ่นยิปซัม
2,ruleNo2_3_ฉากยึดท้องพื้น,1,ฉากยึดท้องพื้น,อุปกรณ์,main,CG18,,ฉากยึดท้องพื้น
2,ruleNo2_3_ฉากยึดท้องพื้น,2,ฉากยึดท้องพื้น,โครงคร่าว,sub,CG05,,โครงริม/ฉาก
2,ruleNo2_3_ฉากยึดท้องพื้น,3,ฉากยึดท้องพื้น,โครงคร่าว,sub,CG07,,โครงริม/ฉาก
2,ruleNo2_3_ฉากยึดท้องพื้น,4,ฉากยึดท้องพื้น,โครงคร่าว,sub,CG09,,โครงริม/ฉาก
2,ruleNo2_3_ฉากยึดท้องพื้น,5,ฉากยึดท้องพื้น,โครงคร่าว,sub,CG01,,โครงซีลาย
2,ruleNo2_3_ฉากยึดท้องพื้น,6,ฉากยึดท้องพื้น,โครงคร่าว,sub,CG06,,โครงซีลาย
2,ruleNo2_3_ฉากยึดท้องพื้น,7,ฉากยึดท้องพื้น,โครงคร่าว,sub,CG08,,โครงซีลาย
2,ruleNo2_3_ฉากยึดท้องพื้น,8,ฉากยึดท้องพื้น,โครงคร่าว,sub,CG03,,โครงทีซอย
2,ruleNo2_3_ฉากยึดท้องพื้น,9,ฉากยึดท้องพื้น,โครงคร่าว,sub,CG04,,โครงทีเมน
2,ruleNo2_4_ลวดแขวนท่อนบน,1,ลวดแขวนท่อนบน,อุปกรณ์,main,CG35,,ลวดแขวนท่อนบน
2,ruleNo2_4_ลวดแขวนท่อนบน,2,ลวดแขวนท่อนบน,โครงคร่าว,sub,CG05,,โครงริม/ฉาก
2,ruleNo2_4_ลวดแขวนท่อนบน,3,ลวดแขวนท่อนบน,โครงคร่าว,sub,CG07,,โครงริม/ฉาก
2,ruleNo2_4_ลวดแขวนท่อนบน,4,ลวดแขวนท่อนบน,โครงคร่าว,sub,CG09,,โครงริม/ฉาก
2,ruleNo2_4_ลวดแขวนท่อนบน,5,ลวดแขวนท่อนบน,โครงคร่าว,sub,CG01,,โครงซีลาย
2,ruleNo2_4_ลวดแขวนท่อนบน,6,ลวดแขวนท่อนบน,โครงคร่าว,sub,CG06,,โครงซีลาย
2,ruleNo2_4_ลวดแขวนท่อนบน,7,ลวดแขวนท่อนบน,โครงคร่าว,sub,CG08,,โครงซีลาย
2,ruleNo2_4_ลวดแขวนท่อนบน,8,ลวดแขวนท่อนบน,โครงคร่าว,sub,CG03,,โครงทีซอย
2,ruleNo2_4_ลวดแขวนท่อนบน,9,ลวดแขวนท่อนบน,โครงคร่าว,sub,CG04,,โครงทีเมน
2,ruleNo2_5_สปริงล็อค,1,สปริงล็อค,อุปกรณ์,main,CG34,,สปริงล็อค
2,ruleNo2_5_สปริงล็อค,2,สปริงล็อค,โครงคร่าว,sub,CG05,,โครงริม/ฉาก
2,ruleNo2_5_สปริงล็อค,3,สปริงล็อค,โครงคร่าว,sub,CG07,,โครงริม/ฉาก
2,ruleNo2_5_สปริงล็อค,4,สปริงล็อค,โครงคร่าว,sub,CG09,,โครงริม/ฉาก
2,ruleNo2_5_สปริงล็อค,5,สปริงล็อค,โครงคร่าว,sub,CG01,,โครงซีลาย
2,ruleNo2_5_สปริงล็อค,6,สปริงล็อค,โครงคร่าว,sub,CG06,,โครงซีลาย
2,ruleNo2_5_สปริงล็อค,7,สปริงล็อค,โครงคร่าว,sub,CG08,,โครงซีลาย
2,ruleNo2_5_สปริงล็อค,8,สปริงล็อค,โครงคร่าว,sub,CG03,,โครงทีซอย
2,ruleNo2_5_สปริงล็อค,9,สปริงล็อค,โครงคร่าว,sub,CG04,,โครงทีเมน
2,ruleNo2_6_คลิปล็อก,1,คลิปล็อก,อุปกรณ์,main,CG32,,คลิปล็อก
2,ruleNo2_6_คลิปล็อก,2,คลิปล็อก,โครงคร่าว,sub,CG05,,โครงริม/ฉาก
2,ruleNo2_6_คลิปล็อก,3,คลิปล็อก,โครงคร่าว,sub,CG07,,โครงริม/ฉาก
2,ruleNo2_6_คลิปล็อก,4,คลิปล็อก,โครงคร่าว,sub,CG09,,โครงริม/ฉาก
2,ruleNo2_6_คลิปล็อก,5,คลิปล็อก,โครงคร่าว,sub,CG01,,โครงซีลาย
2,ruleNo2_6_คลิปล็อก,6,คลิปล็อก,โครงคร่าว,sub,CG06,,โครงซีลาย
2,ruleNo2_6_คลิปล็อก,7,คลิปล็อก,โครงคร่าว,sub,CG08,,โครงซีลาย
2,ruleNo2_7_สกรูยิงยิปซัม,1,สกรูยิงยิปซัม,อุปกรณ์,main,,CS083,สกรูยิงยิปซัม
2,ruleNo2_7_สกรูยิงยิปซัม,2,สกรูยิงยิปซัม,ยิปซัม,sub,,,แผ่นยิปซัม
2,ruleNo2_8_สกรูยิงยิปซัม,1,สกรูยิงยิปซัม,อุปกรณ์,main,,CS084,สกรูยิงยิปซัม
2,ruleNo2_8_สกรูยิงยิปซัม,2,สกรูยิงยิปซัม,ยิปซัม,sub,,,แผ่นยิปซัม
2,ruleNo2_9_สกรูยิงยิปซัม,1,สกรูยิงยิปซัม,อุปกรณ์,main,,CS085,สกรูยิงยิปซัม
2,ruleNo2_9_สกรูยิงยิปซัม,2,สกรูยิงยิปซัม,ยิปซัม,sub,,,แผ่นยิปซัม
2,ruleNo2_10_สกรูยิงยิปซัม,1,สกรูยิงยิปซัม,อุปกรณ์,main,,CS086,สกรูยิงยิปซัม
2,ruleNo2_10_สกรูยิงยิปซัม,2,สกรูยิงยิปซัม,ยิปซัม,sub,,,แผ่นยิปซัม
2,ruleNo2_11_สกรูยิงยิปซัม,1,สกรูยิงยิปซัม,อุปกรณ์,main,,CS087,สกรูยิงยิปซัม
2,ruleNo2_11_สกรูยิงยิปซัม,2,สกรูยิงยิปซัม,ยิปซัม,sub,,,แผ่นยิปซัม
2,ruleNo2_12_สกรูยิงยิปซัม,1,สกรูยิงยิปซัม,อุปกรณ์,main,,CS088,สกรูยิงยิปซัม
2,ruleNo2_12_สกรูยิงยิปซัม,2,สกรูยิงยิปซัม,ยิปซัม,sub,,,แผ่นยิปซัม
2,ruleNo2_13_สกรูยิงสมาร์ทบอร์ด,1,สกรูยิงสมาร์ทบอร์ด,อุปกรณ์,main,,CS093,สกรูยิงสมาร์ทบอร์ด
2,ruleNo2_13_สกรูยิงสมาร์ทบอร์ด,2,สกรูยิงสมาร์ทบอร์ด,ยิปซัม,sub,,,สมาร์ทบอร์ด
2,ruleNo2_14_สกรูยิงสมาร์ทบอร์ด,1,สกรูยิงสมาร์ทบอร์ด,อุปกรณ์,main,,CS094,สกรูยิงสมาร์ทบอร์ด
2,ruleNo2_14_สกรูยิงสมาร์ทบอร์ด,2,สกรูยิงสมาร์ทบอร์ด,ยิปซัม,sub,,,สมาร์ทบอร์ด
2,ruleNo2_15_สกรูยิงสมาร์ทบอร์ด,1,สกรูยิงสมาร์ทบอร์ด,อุปกรณ์,main,,CS094,สกรูยิงสมาร์ทบอร์ด
2,ruleNo2_15_สกรูยิงสมาร์ทบอร์ด,2,สกรูยิงสมาร์ทบอร์ด,ยิปซัม,sub,,,สมาร์ทบอร์ด
2,ruleNo2_16_สกรูยิงโครงคร่าว,1,สกรูยิงโครงคร่าว,อุปกรณ์,main,,CS089,สกรูยิงโครงคร่าว
2,ruleNo2_16_สกรูยิงโครงคร่าว,2,สกรูยิงโครงคร่าว,โครงคร่าว,sub,CG10,,โครงผนัง ตัวซี/ตัวยู
2,ruleNo2_16_สกรูยิงโครงคร่าว,3,สกรูยิงโครงคร่าว,โครงคร่าว,sub,CG11,,ซอยผนัง
2,ruleNo2_16_สกรูยิงโครงคร่าว,4,สกรูยิงโครงคร่าว,โครงคร่าว,sub,CG05,,โครงริม/ฉาก
2,ruleNo2_16_สกรูยิงโครงคร่าว,5,สกรูยิงโครงคร่าว,โครงคร่าว,sub,CG07,,โครงริม/ฉาก
2,ruleNo2_16_สกรูยิงโครงคร่าว,6,สกรูยิงโครงคร่าว,โครงคร่าว,sub,CG09,,โครงริม/ฉาก
2,ruleNo2_16_สกรูยิงโครงคร่าว,7,สกรูยิงโครงคร่าว,โครงคร่าว,sub,CG01,,โครงซีลาย
2,ruleNo2_16_สกรูยิงโครงคร่าว,8,สกรูยิงโครงคร่าว,โครงคร่าว,sub,CG06,,โครงซีลาย
2,ruleNo2_16_สกรูยิงโครงคร่าว,9,สกรูยิงโครงคร่าว,โครงคร่าว,sub,CG08,,โครงซีลาย
3,ruleNo3_1_เครื่องมือ,1,เครื่องมือ,อุปกรณ์,main,EG14,,เครื่องมือ
3,ruleNo3_1_เครื่องมือ,2,เครื่องมือ,,sub,,,รีเวท/ คีมย้ำ/ ปากกระบอกคีมย้ำ/ เครื่องยิง 
3,ruleNo3_1_เครื่องมือ,3,เครื่องมือ,,sub,,,มีดคัตเตอร์/ ใบมีดคัตเตอร์
3,ruleNo3_1_เครื่องมือ,4,เครื่องมือ,,sub,,,กรรไกร/ เชือก/ สายรัดสายไฟ
3,ruleNo3_1_เครื่องมือ,5,เครื่องมือ,,sub,,,ใบตัดอลูมิเนียม/ เครื่องตัดอลูมิเนียม
3,ruleNo3_1_เครื่องมือ,6,เครื่องมือ,,sub,,,ใบตัดเพชร/ ใบเพชรตัดคอนกรีต
3,ruleNo3_1_เครื่องมือ,7,เครื่องมือ,,sub,,,แม่เหล็ก/ ขาตั้ง
3,ruleNo3_1_เครื่องมือ,8,เครื่องมือ,,sub,,,น๊อตมือจับสแตนเลส / พลาสติกปิดหัวน๊อต
3,ruleNo3_1_เครื่องมือ,9,เครื่องมือ,,sub,,,สีสเปรย์/ น้ำมันอเนกประสงค์
3,ruleNo3_1_เครื่องมือ,10,เครื่องมือ,,sub,,,ดอกสว่าน/ สว่าน/ เครื่องเจาะรู/ โฮลซอ
3,ruleNo3_1_เครื่องมือ,11,เครื่องมือ,,sub,,,เจียรมือ/ แผ่นเจียร/ ใบเจียรกระจก
3,ruleNo3_2_เครื่องมือ,1,เครื่องมือ,อุปกรณ์,main,EG15,,เครื่องมือ
3,ruleNo3_2_เครื่องมือ,2,เครื่องมือ,,sub,,,รีเวท/ คีมย้ำ/ ปากกระบอกคีมย้ำ/ เครื่องยิง
3,ruleNo3_2_เครื่องมือ,3,เครื่องมือ,,sub,,,มีดคัตเตอร์/ ใบมีดคัตเตอร์
3,ruleNo3_2_เครื่องมือ,4,เครื่องมือ,,sub,,,กรรไกร/ เชือก/ สายรัดสายไฟ
3,ruleNo3_2_เครื่องมือ,5,เครื่องมือ,,sub,,,ใบตัดอลูมิเนียม/ เครื่องตัดอลูมิเนียม
3,ruleNo3_2_เครื่องมือ,6,เครื่องมือ,,sub,,,ใบตัดเพชร/ ใบเพชรตัดคอนกรีต
3,ruleNo3_2_เครื่องมือ,7,เครื่องมือ,,sub,,,แม่เหล็ก/ ขาตั้ง
3,ruleNo3_2_เครื่องมือ,8,เครื่องมือ,,sub,,,น๊อตมือจับสแตนเลส / พลาสติกปิดหัวน๊อต
3,ruleNo3_2_เครื่องมือ,9,เครื่องมือ,,sub,,,สีสเปรย์/ น้ำมันอเนกประสงค์
3,ruleNo3_2_เครื่องมือ,10,เครื่องมือ,,sub,,,ดอกสว่าน/ สว่าน/ เครื่องเจาะรู/ โฮลซอ
3,ruleNo3_2_เครื่องมือ,11,เครื่องมือ,,sub,,,เจียรมือ/ แผ่นเจียร/ ใบเจียรกระจก
5,ruleNo5_21_กระจกประกอบ,1,กระจกประกอบ,กระจก,main,PROCESS,GP026,กระจกเทมเปอร์
5,ruleNo5_21_กระจกประกอบ,2,กระจกประกอบ,กาวยาแนว,sub,SIL,S08,กาวยาแนวซิลิโคน โครงการ (791/ 793/ 795)
5,ruleNo5_21_กระจกประกอบ,3,กระจกประกอบ,กาวยาแนว,sub,SIL,S09,กาวยาแนวซิลิโคน โครงการ (791/ 793/ 795)
5,ruleNo5_21_กระจกประกอบ,4,กระจกประกอบ,กาวยาแนว,sub,SIL,S10,กาวยาแนวซิลิโคน โครงการ (791/ 793/ 795)
5,ruleNo5_21_กระจกประกอบ,5,กระจกประกอบ,กาวยาแนว,sub,PU,,กาวยาแนวโพลียูรีเทน
5,ruleNo5_21_กระจกประกอบ,6,กระจกประกอบ,อุปกรณ์,sub,AS,S15,ปืนยิงกาวซิลิโคน
5,ruleNo5_21_กระจกประกอบ,7,กระจกประกอบ,อุปกรณ์,sub,AS,S16,ปืนยิงกาวซิลิโคน
5,ruleNo5_21_กระจกประกอบ,8,กระจกประกอบ,อุปกรณ์,sub,AS,S17,ปืนยิงกาวซิลิโคน
5,ruleNo5_21_กระจกประกอบ,9,กระจกประกอบ,อุปกรณ์,sub,AS,S18,ปืนยิงกาวซิลิโคน
5,ruleNo5_21_กระจกประกอบ,10,กระจกประกอบ,อุปกรณ์,sub,,,ตลับเมตร/ บักเต้า/ ค้อนยาง
5,ruleNo5_21_กระจกประกอบ,11,กระจกประกอบ,อุปกรณ์,sub,,,สว่าน/ ดอกสว่าน/ ไขควง/ พุก/ สกรู
5,ruleNo5_21_กระจกประกอบ,12,กระจกประกอบ,อุปกรณ์,sub,EG08,,บานพับ
5,ruleNo5_21_กระจกประกอบ,13,กระจกประกอบ,อุปกรณ์,sub,EG04,,มือจับ
5,ruleNo5_21_กระจกประกอบ,14,กระจกประกอบ,อุปกรณ์,sub,EG13,ESG12,ยางกันน้ำ
5,ruleNo5_21_กระจกประกอบ,15,กระจกประกอบ,อุปกรณ์,sub,EG03,,ลูกล้อประตู/หน้าต่าง
5,ruleNo5_21_กระจกประกอบ,16,กระจกประกอบ,อุปกรณ์,sub,,,เฟรมอลูมิเนียม/ รางเลื่อน
5,ruleNo5_21_กระจกประกอบ,17,กระจกประกอบ,อุปกรณ์,sub,,,แผ่นปิดรอยต่อ
5,ruleNo5_21_กระจกประกอบ,18,กระจกประกอบ,อุปกรณ์,sub,,,อุปกรณ์เจียรกระจก
